gm,Id,SS,tox,Vtgm
3.25E-10,4.02E-11,128.598,0.0101,1.916
2.20E-10,2.71E-11,191.219,0.0101,1.916
5.11E-10,6.35E-11,1903.945,0.013,1.916
1.65E-10,2.04E-11,906.447,0.013,1.92
3.89E-05,4.97E-05,92.874,0.0101,0.98
4.00E-05,5.17E-05,93.077,0.0101,0.981
3.15E-05,3.93E-05,101.473,0.013,1.095
3.24E-05,4.07E-05,101.438,0.013,1.095
8.93E-06,1.21E-05,86.604,0.0101,0.755
9.23E-06,1.26E-05,86.928,0.0101,0.758
7.24E-06,1.00E-05,93.522,0.013,0.822
7.47E-06,1.04E-05,92.724,0.013,0.825
8.28E-06,1.06E-05,95.062,0.0101,0.95
8.55E-06,1.11E-05,93.386,0.0101,0.951
6.73E-06,8.46E-06,106.244,0.013,1.064
6.95E-06,8.80E-06,104.532,0.013,1.064
1.76E-05,2.38E-05,86.395,0.0101,0.763
1.82E-05,2.48E-05,86.725,0.0101,0.765
1.42E-05,1.97E-05,93.291,0.013,0.83
1.47E-05,2.05E-05,93.484,0.013,0.832
1.63E-05,2.09E-05,93.774,0.0101,0.958
1.69E-05,2.18E-05,93.238,0.0101,0.958
1.33E-05,1.66E-05,103.338,0.013,1.072
1.37E-05,1.73E-05,102.854,0.013,1.072
2.60E-05,3.51E-05,86.209,0.0101,0.77
2.68E-05,3.66E-05,86.541,0.0101,0.772
2.10E-05,2.90E-05,93.075,0.013,0.837
2.16E-05,3.02E-05,93.365,0.013,0.84
2.41E-05,3.09E-05,93.281,0.0101,0.966
2.49E-05,3.22E-05,93.094,0.0101,0.966
1.96E-05,2.45E-05,102.404,0.013,1.08
2.02E-05,2.55E-05,102.208,0.013,1.08
3.40E-05,4.61E-05,86.046,0.0101,0.777
3.50E-05,4.81E-05,86.378,0.0101,0.779
2.75E-05,3.80E-05,92.88,0.013,0.845
2.83E-05,3.95E-05,93.219,0.013,0.847
3.17E-05,4.05E-05,93.065,0.0101,0.973
3.27E-05,4.22E-05,92.951,0.0101,0.973
2.57E-05,3.21E-05,101.877,0.013,1.087
2.65E-05,3.33E-05,101.778,0.013,1.088
4.18E-05,5.67E-05,85.905,0.0101,0.784
4.22E-05,5.91E-05,86.253,0.0101,0.781
3.37E-05,4.67E-05,92.708,0.013,0.852
3.47E-05,4.85E-05,93.077,0.013,0.854
3.90E-05,4.98E-05,92.871,0.0101,0.98
4.01E-05,5.18E-05,93.073,0.0101,0.981
3.16E-05,3.94E-05,101.469,0.013,1.095
3.25E-05,4.08E-05,101.435,0.013,1.095
4.82E-05,6.70E-05,85.808,0.0101,0.785
4.96E-05,6.97E-05,86.136,0.0101,0.788
3.97E-05,5.51E-05,92.564,0.013,0.859
4.08E-05,5.71E-05,92.954,0.013,0.861
4.60E-05,5.88E-05,92.663,0.0101,0.988
4.74E-05,6.11E-05,92.693,0.0101,0.988
3.73E-05,4.64E-05,101.208,0.013,1.103
3.80E-05,4.80E-05,101.23,0.013,1.1
5.52E-05,7.69E-05,85.72,0.0101,0.792
5.68E-05,7.99E-05,86.05,0.0101,0.794
4.55E-05,6.31E-05,92.454,0.013,0.866
4.67E-05,6.53E-05,92.858,0.013,0.868
5.28E-05,6.75E-05,92.558,0.0101,0.995
5.43E-05,7.01E-05,92.687,0.0101,0.995
4.23E-05,5.31E-05,100.913,0.013,1.107
4.35E-05,5.50E-05,101.041,0.013,1.107
6.19E-05,8.64E-05,85.657,0.0101,0.798
6.36E-05,8.98E-05,85.988,0.0101,0.801
5.03E-05,7.08E-05,92.392,0.013,0.869
5.17E-05,7.33E-05,92.804,0.013,0.871
5.93E-05,7.58E-05,92.455,0.0101,1.001
6.02E-05,7.87E-05,92.519,0.0101,0.998
4.75E-05,5.96E-05,100.785,0.013,1.114
4.88E-05,6.16E-05,100.832,0.013,1.114
6.83E-05,9.57E-05,85.607,0.0101,0.804
7.02E-05,9.93E-05,85.943,0.0101,0.807
5.55E-05,7.82E-05,92.346,0.013,0.875
5.69E-05,8.09E-05,92.763,0.013,0.877
6.48E-05,8.39E-05,92.401,0.0101,1.004
6.65E-05,8.70E-05,92.472,0.0101,1.005
5.25E-05,6.58E-05,100.706,0.013,1.121
5.39E-05,6.79E-05,100.713,0.013,1.121
7.45E-05,1.05E-04,85.56,0.0101,0.81
7.65E-05,1.08E-04,85.901,0.0101,0.813
6.04E-05,8.54E-05,92.314,0.013,0.881
6.20E-05,8.82E-05,92.741,0.013,0.884
7.07E-05,9.17E-05,92.315,0.0101,1.011
7.26E-05,9.50E-05,92.377,0.0101,1.011
5.73E-05,7.17E-05,100.569,0.013,1.128
5.88E-05,7.40E-05,100.618,0.013,1.128
8.04E-05,1.13E-04,85.51,0.0101,0.816
8.26E-05,1.17E-04,85.857,0.0101,0.819
6.52E-05,9.22E-05,92.28,0.013,0.887
6.68E-05,9.52E-05,92.706,0.013,0.89
7.64E-05,9.91E-05,92.23,0.0101,1.017
7.84E-05,1.03E-04,92.274,0.0101,1.017
6.19E-05,7.74E-05,100.456,0.013,1.134
6.35E-05,7.98E-05,100.514,0.013,1.135
8.61E-05,1.22E-04,85.459,0.0101,0.822
8.83E-05,1.26E-04,85.809,0.0101,0.824
6.97E-05,9.88E-05,92.24,0.013,0.893
7.14E-05,1.02E-04,92.674,0.013,0.895
8.19E-05,1.06E-04,92.146,0.0101,1.023
8.40E-05,1.10E-04,92.2,0.0101,1.023
6.64E-05,8.29E-05,100.35,0.013,1.141
6.80E-05,8.54E-05,100.413,0.013,1.141
9.15E-05,1.30E-04,85.412,0.0101,0.827
9.38E-05,1.34E-04,85.763,0.0101,0.83
7.40E-05,1.05E-04,92.194,0.013,0.898
7.58E-05,1.08E-04,92.637,0.013,0.901
8.72E-05,1.13E-04,92.066,0.0101,1.029
8.94E-05,1.17E-04,92.115,0.0101,1.029
7.06E-05,8.81E-05,100.241,0.013,1.147
7.23E-05,9.07E-05,100.31,0.013,1.147
9.67E-05,1.37E-04,85.371,0.0101,0.833
9.90E-05,1.42E-04,85.723,0.0101,0.835
7.82E-05,1.11E-04,92.153,0.013,0.904
8.00E-05,1.15E-04,92.599,0.013,0.907
9.23E-05,1.20E-04,91.991,0.0101,1.035
9.46E-05,1.24E-04,92.041,0.0101,1.035
7.47E-05,9.31E-05,100.138,0.013,1.153
7.64E-05,9.58E-05,100.209,0.013,1.153
1.01E-04,1.45E-04,85.344,0.0101,0.835
1.03E-04,1.49E-04,85.697,0.0101,0.838
8.21E-05,1.17E-04,92.116,0.013,0.909
8.40E-05,1.20E-04,92.565,0.013,0.912
9.72E-05,1.26E-04,91.92,0.0101,1.041
9.95E-05,1.31E-04,91.971,0.0101,1.041
7.81E-05,9.79E-05,100.057,0.013,1.157
8.00E-05,1.01E-04,100.128,0.013,1.157
1.05E-04,1.52E-04,85.311,0.0101,0.84
1.08E-04,1.57E-04,85.666,0.0101,0.843
8.59E-05,1.23E-04,92.083,0.013,0.914
8.73E-05,1.26E-04,92.538,0.013,0.915
1.02E-04,1.33E-04,91.853,0.0101,1.046
1.04E-04,1.37E-04,91.905,0.0101,1.047
8.18E-05,1.03E-04,99.962,0.013,1.163
8.37E-05,1.05E-04,100.035,0.013,1.163
1.10E-04,1.59E-04,85.279,0.0101,0.845
1.12E-04,1.64E-04,85.636,0.0101,0.848
8.90E-05,1.28E-04,92.056,0.013,0.917
9.10E-05,1.32E-04,92.51,0.013,0.92
1.06E-04,1.39E-04,91.786,0.0101,1.052
1.08E-04,1.43E-04,91.856,0.0101,1.05
8.54E-05,1.07E-04,99.872,0.013,1.169
8.73E-05,1.10E-04,99.945,0.013,1.169
1.14E-04,1.65E-04,85.249,0.0101,0.85
1.17E-04,1.71E-04,85.607,0.0101,0.852
9.24E-05,1.33E-04,92.026,0.013,0.922
9.44E-05,1.37E-04,92.482,0.013,0.925
1.10E-04,1.44E-04,91.739,0.0101,1.055
1.12E-04,1.49E-04,91.793,0.0101,1.055
8.88E-05,1.11E-04,99.781,0.013,1.174
9.08E-05,1.14E-04,99.858,0.013,1.174
1.18E-04,1.72E-04,85.219,0.0101,0.854
1.21E-04,1.77E-04,85.578,0.0101,0.857
9.57E-05,1.38E-04,91.997,0.013,0.927
9.77E-05,1.42E-04,92.456,0.013,0.929
1.14E-04,1.50E-04,91.674,0.0101,1.06
1.17E-04,1.54E-04,91.732,0.0101,1.06
9.21E-05,1.15E-04,99.692,0.013,1.179
9.41E-05,1.18E-04,99.772,0.013,1.179
1.22E-04,1.78E-04,85.189,0.0101,0.859
1.25E-04,1.83E-04,85.551,0.0101,0.862
9.88E-05,1.43E-04,91.968,0.013,0.931
1.01E-04,1.47E-04,92.43,0.013,0.934
1.18E-04,1.55E-04,91.612,0.0101,1.065
1.21E-04,1.60E-04,91.671,0.0101,1.065
9.52E-05,1.19E-04,99.607,0.013,1.185
9.73E-05,1.22E-04,99.687,0.013,1.185
1.26E-04,1.84E-04,85.161,0.0101,0.863
1.29E-04,1.89E-04,85.524,0.0101,0.866
1.02E-04,1.47E-04,91.94,0.013,0.936
1.04E-04,1.51E-04,92.404,0.013,0.938
1.22E-04,1.60E-04,91.551,0.0101,1.07
1.24E-04,1.65E-04,91.61,0.0101,1.07
9.82E-05,1.23E-04,99.521,0.013,1.19
1.00E-04,1.26E-04,99.605,0.013,1.19
1.30E-04,1.90E-04,85.133,0.0101,0.867
1.32E-04,1.95E-04,85.498,0.0101,0.87
1.05E-04,1.52E-04,91.913,0.013,0.94
1.07E-04,1.56E-04,92.38,0.013,0.943
1.25E-04,1.65E-04,91.489,0.0101,1.074
1.28E-04,1.70E-04,91.551,0.0101,1.075
1.01E-04,1.26E-04,99.449,0.013,1.193
1.03E-04,1.29E-04,99.535,0.013,1.193
1.32E-04,1.95E-04,85.112,0.0101,0.87
1.35E-04,2.01E-04,85.482,0.0101,0.873
1.07E-04,1.56E-04,91.887,0.013,0.944
1.09E-04,1.60E-04,92.359,0.013,0.946
1.29E-04,1.70E-04,91.428,0.0101,1.079
1.32E-04,1.75E-04,91.492,0.0101,1.079
1.04E-04,1.30E-04,99.367,0.013,1.198
1.06E-04,1.33E-04,99.455,0.013,1.198
1.36E-04,2.01E-04,85.091,0.0101,0.874
1.39E-04,2.06E-04,85.465,0.0101,0.877
1.10E-04,1.60E-04,91.866,0.013,0.947
1.12E-04,1.64E-04,92.337,0.013,0.95
1.32E-04,1.74E-04,91.369,0.0101,1.083
1.35E-04,1.79E-04,91.434,0.0101,1.084
1.06E-04,1.33E-04,99.287,0.013,1.203
1.08E-04,1.36E-04,99.376,0.013,1.203
1.39E-04,2.06E-04,85.073,0.0101,0.878
1.42E-04,2.11E-04,85.449,0.0101,0.881
1.12E-04,1.64E-04,91.844,0.013,0.951
1.14E-04,1.68E-04,92.316,0.013,0.953
1.35E-04,1.79E-04,91.319,0.0101,1.086
1.38E-04,1.83E-04,91.386,0.0101,1.087
1.09E-04,1.36E-04,99.208,0.013,1.207
1.11E-04,1.39E-04,99.299,0.013,1.207
1.42E-04,2.11E-04,85.056,0.0101,0.882
1.45E-04,2.16E-04,85.435,0.0101,0.884
1.15E-04,1.68E-04,91.823,0.013,0.954
1.17E-04,1.71E-04,92.298,0.013,0.957
1.38E-04,1.83E-04,91.261,0.0101,1.091
1.41E-04,1.88E-04,91.33,0.0101,1.091
1.11E-04,1.39E-04,99.129,0.013,1.212
1.13E-04,1.42E-04,99.223,0.013,1.212
1.45E-04,2.16E-04,85.04,0.0101,0.885
1.48E-04,2.21E-04,85.421,0.0101,0.888
1.17E-04,1.71E-04,91.804,0.013,0.958
1.19E-04,1.75E-04,92.281,0.013,0.961
1.41E-04,1.87E-04,91.204,0.0101,1.095
1.44E-04,1.92E-04,91.274,0.0101,1.095
1.14E-04,1.42E-04,99.052,0.013,1.216
1.16E-04,1.45E-04,99.149,0.013,1.216
1.48E-04,2.20E-04,85.025,0.0101,0.889
1.50E-04,2.25E-04,85.408,0.0101,0.892
1.19E-04,1.75E-04,91.787,0.013,0.962
1.21E-04,1.78E-04,92.267,0.013,0.964
1.44E-04,1.91E-04,91.148,0.0101,1.099
1.47E-04,1.96E-04,91.22,0.0101,1.099
1.16E-04,1.44E-04,98.976,0.013,1.22
1.18E-04,1.47E-04,99.084,0.013,1.219
1.50E-04,2.25E-04,85.01,0.0101,0.892
1.53E-04,2.30E-04,85.396,0.0101,0.895
1.21E-04,1.78E-04,91.771,0.013,0.965
1.23E-04,1.82E-04,92.255,0.013,0.967
1.46E-04,1.95E-04,91.093,0.0101,1.103
1.49E-04,1.99E-04,91.166,0.0101,1.103
1.18E-04,1.47E-04,98.91,0.013,1.223
1.20E-04,1.50E-04,99.013,0.013,1.223
1.53E-04,2.29E-04,84.997,0.0101,0.896
1.55E-04,2.34E-04,85.38,0.0101,0.897
1.23E-04,1.81E-04,91.758,0.013,0.968
1.25E-04,1.85E-04,92.244,0.013,0.971
1.49E-04,1.98E-04,91.039,0.0101,1.107
1.52E-04,2.03E-04,91.114,0.0101,1.107
1.20E-04,1.49E-04,98.837,0.013,1.227
1.22E-04,1.52E-04,98.944,0.013,1.227
1.55E-04,2.33E-04,84.985,0.0101,0.898
1.58E-04,2.38E-04,85.37,0.0101,0.901
1.25E-04,1.84E-04,91.745,0.013,0.971
1.27E-04,1.88E-04,92.234,0.013,0.974
1.52E-04,2.01E-04,90.985,0.0101,1.111
1.54E-04,2.06E-04,91.063,0.0101,1.111
1.22E-04,1.52E-04,98.765,0.013,1.231
1.24E-04,1.55E-04,98.875,0.013,1.231
1.57E-04,2.37E-04,84.973,0.0101,0.901
1.60E-04,2.42E-04,85.361,0.0101,0.904
1.27E-04,1.87E-04,91.732,0.013,0.974
1.29E-04,1.91E-04,92.224,0.013,0.977
1.54E-04,2.05E-04,90.933,0.0101,1.114
1.57E-04,2.09E-04,91.018,0.0101,1.114
1.24E-04,1.54E-04,98.693,0.013,1.235
1.26E-04,1.57E-04,98.807,0.013,1.235
1.60E-04,2.41E-04,84.969,0.0101,0.905
1.63E-04,2.46E-04,85.352,0.0101,0.907
1.29E-04,1.90E-04,91.721,0.013,0.977
1.31E-04,1.93E-04,92.216,0.013,0.98
1.56E-04,2.08E-04,90.889,0.0101,1.117
1.59E-04,2.13E-04,90.969,0.0101,1.117
1.26E-04,1.56E-04,98.622,0.013,1.239
1.28E-04,1.59E-04,98.741,0.013,1.239
1.62E-04,2.44E-04,84.951,0.0101,0.908
1.65E-04,2.50E-04,85.349,0.0101,0.91
1.31E-04,1.92E-04,91.71,0.013,0.981
1.33E-04,1.96E-04,92.209,0.013,0.983
1.58E-04,2.11E-04,90.83,0.0101,1.121
1.61E-04,2.15E-04,90.921,0.0101,1.121
1.28E-04,1.58E-04,98.553,0.013,1.242
1.30E-04,1.61E-04,98.676,0.013,1.242
1.64E-04,2.48E-04,84.941,0.0101,0.911
1.67E-04,2.53E-04,85.336,0.0101,0.913
1.32E-04,1.95E-04,91.703,0.013,0.983
1.35E-04,1.99E-04,92.203,0.013,0.986
1.60E-04,2.14E-04,90.78,0.0101,1.124
1.63E-04,2.18E-04,90.874,0.0101,1.124
1.29E-04,1.60E-04,98.484,0.013,1.246
1.31E-04,1.63E-04,98.616,0.013,1.245
1.66E-04,2.51E-04,84.932,0.0101,0.914
1.69E-04,2.56E-04,85.33,0.0101,0.916
1.34E-04,1.97E-04,91.692,0.013,0.986
1.36E-04,2.01E-04,92.198,0.013,0.988
1.63E-04,2.17E-04,90.74,0.0101,1.128
1.65E-04,2.21E-04,90.828,0.0101,1.128
1.31E-04,1.62E-04,98.433,0.013,1.249
1.33E-04,1.65E-04,98.562,0.013,1.248
1.68E-04,2.55E-04,84.923,0.0101,0.916
1.71E-04,2.60E-04,85.325,0.0101,0.918
1.35E-04,2.00E-04,91.685,0.013,0.989
1.38E-04,2.03E-04,92.194,0.013,0.991
1.65E-04,2.19E-04,90.692,0.0101,1.131
1.67E-04,2.24E-04,90.782,0.0101,1.131
1.32E-04,1.64E-04,98.381,0.013,1.252
1.35E-04,1.67E-04,98.512,0.013,1.252
1.70E-04,2.58E-04,84.916,0.0101,0.918
1.73E-04,2.63E-04,85.319,0.0101,0.921
1.37E-04,2.02E-04,91.678,0.013,0.991
1.39E-04,2.05E-04,92.19,0.013,0.994
1.67E-04,2.22E-04,90.646,0.0101,1.134
1.69E-04,2.26E-04,90.738,0.0101,1.134
1.34E-04,1.65E-04,98.329,0.013,1.256
1.36E-04,1.68E-04,98.462,0.013,1.255
1.72E-04,2.61E-04,84.915,0.0101,0.921
1.74E-04,2.66E-04,85.314,0.0101,0.924
1.38E-04,2.04E-04,91.672,0.013,0.994
1.41E-04,2.08E-04,92.187,0.013,0.996
1.68E-04,2.24E-04,90.6,0.0101,1.137
1.71E-04,2.29E-04,90.698,0.0101,1.137
1.36E-04,1.67E-04,98.278,0.013,1.259
1.38E-04,1.70E-04,98.414,0.013,1.258
1.73E-04,2.64E-04,84.902,0.0101,0.924
1.76E-04,2.69E-04,85.31,0.0101,0.926
1.40E-04,2.06E-04,91.667,0.013,0.997
1.42E-04,2.10E-04,92.185,0.013,0.999
1.70E-04,2.27E-04,90.559,0.0101,1.14
1.73E-04,2.31E-04,90.656,0.0101,1.14
1.37E-04,1.68E-04,98.228,0.013,1.262
1.39E-04,1.71E-04,98.367,0.013,1.261
1.75E-04,2.66E-04,84.895,0.0101,0.926
1.78E-04,2.71E-04,85.307,0.0101,0.929
1.41E-04,2.08E-04,91.662,0.013,0.999
1.43E-04,2.12E-04,92.184,0.013,1.001
1.72E-04,2.29E-04,90.514,0.0101,1.143
1.75E-04,2.33E-04,90.614,0.0101,1.143
1.38E-04,1.70E-04,98.179,0.013,1.265
1.41E-04,1.73E-04,98.322,0.013,1.264
1.77E-04,2.69E-04,84.89,0.0101,0.929
1.79E-04,2.74E-04,85.304,0.0101,0.932
1.42E-04,2.10E-04,91.658,0.013,1.001
1.45E-04,2.13E-04,92.184,0.013,1.003
1.74E-04,2.31E-04,90.471,0.0101,1.146
1.76E-04,2.35E-04,90.573,0.0101,1.146
1.40E-04,1.71E-04,98.132,0.013,1.268
1.42E-04,1.74E-04,98.276,0.013,1.267
1.78E-04,2.72E-04,84.884,0.0101,0.931
1.81E-04,2.77E-04,85.301,0.0101,0.934
1.44E-04,2.12E-04,91.655,0.013,1.003
1.46E-04,2.15E-04,92.184,0.013,1.006
1.75E-04,2.33E-04,90.428,0.0101,1.149
1.78E-04,2.37E-04,90.533,0.0101,1.149
1.41E-04,1.73E-04,98.084,0.013,1.27
1.43E-04,1.75E-04,98.231,0.013,1.27
1.80E-04,2.74E-04,84.879,0.0101,0.934
1.82E-04,2.79E-04,85.299,0.0101,0.936
1.45E-04,2.14E-04,91.652,0.013,1.006
1.47E-04,2.17E-04,92.185,0.013,1.008
1.77E-04,2.35E-04,90.385,0.0101,1.152
1.80E-04,2.39E-04,90.493,0.0101,1.152
1.42E-04,1.74E-04,98.047,0.013,1.273
1.44E-04,1.77E-04,98.186,0.013,1.273
1.81E-04,2.77E-04,84.875,0.0101,0.936
1.84E-04,2.81E-04,85.298,0.0101,0.938
1.46E-04,2.15E-04,91.65,0.013,1.008
1.48E-04,2.19E-04,92.186,0.013,1.01
1.78E-04,2.37E-04,90.344,0.0101,1.154
1.81E-04,2.41E-04,90.454,0.0101,1.154
1.44E-04,1.75E-04,97.991,0.013,1.276
1.46E-04,1.78E-04,98.143,0.013,1.275
1.83E-04,2.79E-04,84.872,0.0101,0.938
1.85E-04,2.84E-04,85.296,0.0101,0.94
1.47E-04,2.17E-04,91.648,0.013,1.01
1.49E-04,2.20E-04,92.188,0.013,1.012
1.80E-04,2.39E-04,90.303,0.0101,1.157
1.83E-04,2.43E-04,90.419,0.0101,1.157
1.45E-04,1.76E-04,97.945,0.013,1.279
1.47E-04,1.79E-04,98.1,0.013,1.278
1.84E-04,2.81E-04,84.868,0.0101,0.94
1.87E-04,2.86E-04,85.295,0.0101,0.943
1.48E-04,2.19E-04,91.647,0.013,1.012
1.50E-04,2.22E-04,92.191,0.013,1.014
1.81E-04,2.40E-04,90.265,0.0101,1.159
1.84E-04,2.44E-04,90.381,0.0101,1.159
1.46E-04,1.77E-04,97.9,0.013,1.281
1.48E-04,1.80E-04,98.059,0.013,1.28
1.85E-04,2.83E-04,84.865,0.0101,0.942
1.88E-04,2.88E-04,85.295,0.0101,0.945
1.49E-04,2.20E-04,91.647,0.013,1.014
1.52E-04,2.23E-04,92.194,0.013,1.016
1.83E-04,2.42E-04,90.225,0.0101,1.162
1.85E-04,2.46E-04,90.344,0.0101,1.162
1.47E-04,1.78E-04,97.855,0.013,1.284
1.49E-04,1.81E-04,98.035,0.013,1.283
1.87E-04,2.85E-04,84.863,0.0101,0.944
1.89E-04,2.90E-04,85.295,0.0101,0.947
1.50E-04,2.22E-04,91.644,0.013,1.016
1.53E-04,2.25E-04,92.195,0.013,1.018
1.84E-04,2.43E-04,90.186,0.0101,1.165
1.87E-04,2.48E-04,90.307,0.0101,1.164
1.48E-04,1.79E-04,97.812,0.013,1.286
1.50E-04,1.82E-04,97.976,0.013,1.285
1.88E-04,2.87E-04,84.861,0.0101,0.947
1.91E-04,2.92E-04,85.296,0.0101,0.949
1.51E-04,2.23E-04,91.648,0.013,1.018
1.54E-04,2.26E-04,92.2,0.013,1.02
1.85E-04,2.45E-04,90.147,0.0101,1.167
1.88E-04,2.49E-04,90.272,0.0101,1.167
1.49E-04,1.80E-04,97.769,0.013,1.289
1.51E-04,1.83E-04,97.935,0.013,1.288
1.89E-04,2.89E-04,84.86,0.0101,0.948
1.92E-04,2.94E-04,85.297,0.0101,0.95
1.52E-04,2.24E-04,91.649,0.013,1.02
1.54E-04,2.27E-04,92.204,0.013,1.022
1.86E-04,2.46E-04,90.109,0.0101,1.17
1.89E-04,2.51E-04,90.236,0.0101,1.169
1.50E-04,1.81E-04,97.726,0.013,1.291
1.52E-04,1.84E-04,97.895,0.013,1.29
1.90E-04,2.91E-04,84.859,0.0101,0.95
1.93E-04,2.95E-04,85.299,0.0101,0.952
1.53E-04,2.26E-04,91.651,0.013,1.022
1.55E-04,2.29E-04,92.212,0.013,1.024
1.88E-04,2.48E-04,90.071,0.0101,1.172
1.91E-04,2.52E-04,90.201,0.0101,1.172
1.51E-04,1.82E-04,97.684,0.013,1.294
1.53E-04,1.85E-04,97.856,0.013,1.292
1.91E-04,2.93E-04,84.858,0.0101,0.952
1.94E-04,2.97E-04,85.3,0.0101,0.954
1.54E-04,2.27E-04,91.653,0.013,1.024
1.56E-04,2.30E-04,92.218,0.013,1.026
1.89E-04,2.49E-04,90.034,0.0101,1.174
1.92E-04,2.53E-04,90.169,0.0101,1.174
1.52E-04,1.83E-04,97.642,0.013,1.296
1.54E-04,1.86E-04,97.817,0.013,1.295
1.93E-04,2.94E-04,84.858,0.0101,0.954
1.95E-04,2.99E-04,85.303,0.0101,0.956
1.55E-04,2.28E-04,91.656,0.013,1.025
1.57E-04,2.31E-04,92.222,0.013,1.027
1.90E-04,2.50E-04,89.999,0.0101,1.176
1.93E-04,2.54E-04,90.135,0.0101,1.176
1.53E-04,1.84E-04,97.601,0.013,1.298
1.55E-04,1.86E-04,97.78,0.013,1.297
1.94E-04,2.96E-04,84.858,0.0101,0.956
1.96E-04,3.00E-04,85.305,0.0101,0.958
1.56E-04,2.29E-04,91.66,0.013,1.027
1.58E-04,2.32E-04,92.229,0.013,1.029
1.91E-04,2.52E-04,89.963,0.0101,1.178
1.94E-04,2.56E-04,90.102,0.0101,1.178
1.54E-04,1.84E-04,97.562,0.013,1.3
1.56E-04,1.87E-04,97.742,0.013,1.299
1.95E-04,2.98E-04,84.86,0.0101,0.957
1.97E-04,3.02E-04,85.309,0.0101,0.96
1.57E-04,2.30E-04,91.664,0.013,1.028
1.59E-04,2.33E-04,92.239,0.013,1.03
1.92E-04,2.53E-04,89.927,0.0101,1.181
1.95E-04,2.57E-04,90.069,0.0101,1.18
1.55E-04,1.85E-04,97.522,0.013,1.302
1.57E-04,1.88E-04,97.705,0.013,1.301
1.96E-04,2.99E-04,84.86,0.0101,0.959
1.98E-04,3.03E-04,85.312,0.0101,0.961
1.58E-04,2.31E-04,91.669,0.013,1.03
1.60E-04,2.34E-04,92.247,0.013,1.032
1.93E-04,2.54E-04,89.892,0.0101,1.183
1.96E-04,2.58E-04,90.037,0.0101,1.182
1.56E-04,1.86E-04,97.483,0.013,1.304
1.58E-04,1.89E-04,97.669,0.013,1.303
1.97E-04,3.01E-04,84.859,0.0101,0.961
1.99E-04,3.05E-04,85.317,0.0101,0.963
1.58E-04,2.32E-04,91.674,0.013,1.032
1.60E-04,2.35E-04,92.256,0.013,1.033
1.94E-04,2.55E-04,89.857,0.0101,1.185
1.97E-04,2.59E-04,90.005,0.0101,1.184
1.56E-04,1.87E-04,97.444,0.013,1.306
1.58E-04,1.89E-04,97.633,0.013,1.305
1.98E-04,3.02E-04,84.861,0.0101,0.962
2.00E-04,3.06E-04,85.321,0.0101,0.964
1.59E-04,2.33E-04,91.68,0.013,1.033
1.61E-04,2.36E-04,92.265,0.013,1.035
1.95E-04,2.56E-04,89.807,0.0101,1.187
1.98E-04,2.60E-04,89.974,0.0101,1.186
1.57E-04,1.87E-04,97.406,0.013,1.308
1.59E-04,1.90E-04,97.6,0.013,1.307
1.99E-04,3.03E-04,84.863,0.0101,0.964
2.01E-04,3.07E-04,85.326,0.0101,0.966
1.60E-04,2.34E-04,91.686,0.013,1.035
1.62E-04,2.37E-04,92.275,0.013,1.036
1.96E-04,2.57E-04,89.789,0.0101,1.189
1.99E-04,2.61E-04,89.944,0.0101,1.188
1.58E-04,1.88E-04,97.368,0.013,1.31
1.60E-04,1.91E-04,97.564,0.013,1.309
1.99E-04,3.05E-04,84.866,0.0101,0.965
2.02E-04,3.09E-04,85.331,0.0101,0.967
1.61E-04,2.35E-04,91.693,0.013,1.036
1.63E-04,2.38E-04,92.286,0.013,1.037
1.97E-04,2.58E-04,89.757,0.0101,1.191
2.00E-04,2.62E-04,89.914,0.0101,1.19
1.59E-04,1.89E-04,97.347,0.013,1.312
1.61E-04,1.91E-04,97.531,0.013,1.31
2.00E-04,3.06E-04,84.869,0.0101,0.967
2.03E-04,3.10E-04,85.337,0.0101,0.969
1.61E-04,2.36E-04,91.7,0.013,1.037
1.63E-04,2.39E-04,92.297,0.013,1.039
1.98E-04,2.59E-04,89.724,0.0101,1.193
2.01E-04,2.63E-04,89.884,0.0101,1.192
1.59E-04,1.89E-04,97.296,0.013,1.314
1.61E-04,1.92E-04,97.497,0.013,1.312
2.01E-04,3.07E-04,84.873,0.0101,0.968
2.04E-04,3.11E-04,85.343,0.0101,0.97
1.62E-04,2.37E-04,91.708,0.013,1.038
1.64E-04,2.39E-04,92.308,0.013,1.04
1.99E-04,2.60E-04,89.692,0.0101,1.195
2.02E-04,2.63E-04,89.855,0.0101,1.194
1.60E-04,1.90E-04,97.26,0.013,1.316
1.62E-04,1.92E-04,97.465,0.013,1.314
2.02E-04,3.08E-04,84.877,0.0101,0.97
2.05E-04,3.12E-04,85.349,0.0101,0.971
1.63E-04,2.38E-04,91.716,0.013,1.04
1.65E-04,2.40E-04,92.32,0.013,1.041
2.00E-04,2.60E-04,89.66,0.0101,1.196
2.03E-04,2.64E-04,89.826,0.0101,1.196
1.61E-04,1.90E-04,97.223,0.013,1.318
1.63E-04,1.93E-04,97.432,0.013,1.316
2.03E-04,3.09E-04,84.881,0.0101,0.971
2.06E-04,3.13E-04,85.356,0.0101,0.973
1.63E-04,2.38E-04,91.725,0.013,1.041
1.65E-04,2.41E-04,92.332,0.013,1.042
2.01E-04,2.61E-04,89.628,0.0101,1.198
2.04E-04,2.65E-04,89.798,0.0101,1.197
1.62E-04,1.91E-04,97.188,0.013,1.319
1.64E-04,1.93E-04,97.401,0.013,1.317
2.04E-04,3.10E-04,84.886,0.0101,0.972
2.06E-04,3.14E-04,85.364,0.0101,0.974
1.64E-04,2.39E-04,91.735,0.013,1.042
1.66E-04,2.42E-04,92.345,0.013,1.043
2.02E-04,2.62E-04,89.597,0.0101,1.2
2.04E-04,2.66E-04,89.756,0.0101,1.199
1.62E-04,1.91E-04,97.155,0.013,1.321
1.64E-04,1.94E-04,97.373,0.013,1.318
2.04E-04,3.11E-04,84.89,0.0101,0.974
2.07E-04,3.15E-04,85.371,0.0101,0.975
1.65E-04,2.40E-04,91.744,0.013,1.043
1.67E-04,2.43E-04,92.356,0.013,1.044
2.02E-04,2.63E-04,89.566,0.0101,1.202
2.05E-04,2.67E-04,89.743,0.0101,1.201
1.63E-04,1.92E-04,97.122,0.013,1.322
1.65E-04,1.94E-04,97.342,0.013,1.319
2.05E-04,3.12E-04,84.896,0.0101,0.975
2.08E-04,3.16E-04,85.379,0.0101,0.976
1.65E-04,2.41E-04,91.755,0.013,1.044
1.67E-04,2.43E-04,92.373,0.013,1.046
2.03E-04,2.63E-04,89.537,0.0101,1.203
2.06E-04,2.67E-04,89.716,0.0101,1.202
1.63E-04,1.92E-04,97.091,0.013,1.323
1.65E-04,1.95E-04,97.316,0.013,1.32
2.06E-04,3.13E-04,84.901,0.0101,0.976
2.09E-04,3.17E-04,85.388,0.0101,0.978
1.66E-04,2.41E-04,91.766,0.013,1.045
1.68E-04,2.44E-04,92.387,0.013,1.047
2.04E-04,2.64E-04,89.507,0.0101,1.205
2.07E-04,2.68E-04,89.69,0.0101,1.204
1.64E-04,1.93E-04,97.06,0.013,1.324
1.66E-04,1.95E-04,97.287,0.013,1.321
2.07E-04,3.14E-04,84.907,0.0101,0.977
2.09E-04,3.18E-04,85.396,0.0101,0.979
1.66E-04,2.42E-04,91.777,0.013,1.046
1.68E-04,2.45E-04,92.402,0.013,1.048
2.05E-04,2.65E-04,89.478,0.0101,1.206
2.07E-04,2.69E-04,89.664,0.0101,1.205
1.64E-04,1.93E-04,97.03,0.013,1.325
1.66E-04,1.96E-04,97.261,0.013,1.322
2.07E-04,3.15E-04,84.914,0.0101,0.978
2.10E-04,3.19E-04,85.405,0.0101,0.98
1.67E-04,2.43E-04,91.789,0.013,1.047
1.69E-04,2.45E-04,92.417,0.013,1.048
2.05E-04,2.65E-04,89.449,0.0101,1.208
2.08E-04,2.69E-04,89.638,0.0101,1.207
1.65E-04,1.94E-04,97.015,0.013,1.326
1.67E-04,1.96E-04,97.237,0.013,1.322
2.08E-04,3.16E-04,84.92,0.0101,0.98
2.11E-04,3.20E-04,85.415,0.0101,0.981
1.68E-04,2.43E-04,91.801,0.013,1.048
1.70E-04,2.46E-04,92.433,0.013,1.049
2.06E-04,2.66E-04,89.431,0.0101,1.21
2.09E-04,2.70E-04,89.613,0.0101,1.208
1.65E-04,1.94E-04,96.986,0.013,1.326
1.67E-04,1.97E-04,97.21,0.013,1.323
2.09E-04,3.17E-04,84.927,0.0101,0.981
2.11E-04,3.21E-04,85.424,0.0101,0.982
1.68E-04,2.44E-04,91.813,0.013,1.049
1.70E-04,2.46E-04,92.449,0.013,1.05
2.07E-04,2.67E-04,89.392,0.0101,1.211
2.10E-04,2.70E-04,89.589,0.0101,1.21
1.66E-04,1.94E-04,96.944,0.013,1.327
1.68E-04,1.97E-04,97.188,0.013,1.323
2.09E-04,3.18E-04,84.934,0.0101,0.982
2.12E-04,3.21E-04,85.434,0.0101,0.983
1.69E-04,2.44E-04,91.826,0.013,1.05
1.71E-04,2.47E-04,92.466,0.013,1.051
2.08E-04,2.67E-04,89.367,0.0101,1.212
2.10E-04,2.71E-04,89.563,0.0101,1.211
1.66E-04,1.95E-04,96.917,0.013,1.328
1.68E-04,1.98E-04,97.164,0.013,1.324
2.10E-04,3.19E-04,84.942,0.0101,0.983
2.13E-04,3.22E-04,85.445,0.0101,0.984
1.69E-04,2.45E-04,91.84,0.013,1.051
1.71E-04,2.48E-04,92.483,0.013,1.052
2.08E-04,2.68E-04,89.338,0.0101,1.214
2.11E-04,2.72E-04,89.539,0.0101,1.213
1.67E-04,1.95E-04,96.893,0.013,1.328
1.68E-04,1.98E-04,97.141,0.013,1.324
2.11E-04,3.19E-04,84.949,0.0101,0.984
2.13E-04,3.23E-04,85.455,0.0101,0.985
1.70E-04,2.46E-04,91.854,0.013,1.052
1.72E-04,2.48E-04,92.501,0.013,1.053
2.09E-04,2.68E-04,89.311,0.0101,1.215
2.11E-04,2.72E-04,89.519,0.0101,1.213
1.67E-04,1.96E-04,96.882,0.013,1.328
1.69E-04,1.98E-04,97.129,0.013,1.325
2.11E-04,3.20E-04,84.958,0.0101,0.984
2.14E-04,3.24E-04,85.466,0.0101,0.986
1.70E-04,2.46E-04,91.868,0.013,1.053
1.72E-04,2.49E-04,92.519,0.013,1.053
2.10E-04,2.69E-04,89.283,0.0101,1.217
2.12E-04,2.73E-04,89.493,0.0101,1.215
1.67E-04,1.96E-04,96.839,0.013,1.329
1.69E-04,1.99E-04,97.093,0.013,1.325
2.12E-04,3.21E-04,84.966,0.0101,0.985
2.14E-04,3.24E-04,85.478,0.0101,0.987
1.71E-04,2.47E-04,91.882,0.013,1.054
1.72E-04,2.49E-04,92.537,0.013,1.054
2.10E-04,2.69E-04,89.258,0.0101,1.218
2.13E-04,2.73E-04,89.471,0.0101,1.216
1.68E-04,1.96E-04,96.813,0.013,1.329
1.70E-04,1.99E-04,97.072,0.013,1.325
2.12E-04,3.21E-04,84.975,0.0101,0.986
2.15E-04,3.25E-04,85.49,0.0101,0.988
1.71E-04,2.47E-04,91.898,0.013,1.054
1.73E-04,2.50E-04,92.556,0.013,1.055
2.11E-04,2.70E-04,89.211,0.0101,1.219
2.13E-04,2.74E-04,89.433,0.0101,1.217
1.68E-04,1.97E-04,96.789,0.013,1.329
1.70E-04,2.00E-04,97.05,0.013,1.325
2.13E-04,3.22E-04,84.984,0.0101,0.987
2.16E-04,3.26E-04,85.502,0.0101,0.988
1.72E-04,2.48E-04,91.913,0.013,1.055
1.73E-04,2.50E-04,92.576,0.013,1.055
2.11E-04,2.70E-04,89.209,0.0101,1.22
2.14E-04,2.74E-04,89.429,0.0101,1.218
1.68E-04,1.97E-04,96.764,0.013,1.33
1.70E-04,2.00E-04,97.029,0.013,1.326
2.14E-04,3.23E-04,84.993,0.0101,0.988
2.16E-04,3.26E-04,85.514,0.0101,0.989
1.72E-04,2.48E-04,91.929,0.013,1.055
1.74E-04,2.51E-04,92.596,0.013,1.055
2.12E-04,2.71E-04,89.186,0.0101,1.221
2.14E-04,2.75E-04,89.409,0.0101,1.219
1.69E-04,1.98E-04,96.741,0.013,1.33
1.71E-04,2.00E-04,97.009,0.013,1.326
2.14E-04,3.24E-04,85.004,0.0101,0.989
2.17E-04,3.27E-04,85.526,0.0101,0.99
1.72E-04,2.49E-04,91.946,0.013,1.056
1.74E-04,2.52E-04,92.616,0.013,1.056
2.12E-04,2.71E-04,89.164,0.0101,1.222
2.15E-04,2.75E-04,89.39,0.0101,1.22
1.69E-04,1.98E-04,96.717,0.013,1.33
1.71E-04,2.01E-04,96.989,0.013,1.326
2.15E-04,3.24E-04,85.011,0.0101,0.989
2.17E-04,3.28E-04,85.539,0.0101,0.991
1.73E-04,2.49E-04,91.963,0.013,1.056
1.75E-04,2.52E-04,92.637,0.013,1.056
2.13E-04,2.72E-04,89.142,0.0101,1.223
2.15E-04,2.75E-04,89.372,0.0101,1.22
1.69E-04,1.98E-04,96.694,0.013,1.33
1.71E-04,2.01E-04,96.969,0.013,1.326
2.15E-04,3.25E-04,85.022,0.0101,0.99
2.18E-04,3.28E-04,85.553,0.0101,0.991
1.73E-04,2.50E-04,91.98,0.013,1.056
1.75E-04,2.53E-04,92.658,0.013,1.056
2.13E-04,2.72E-04,89.101,0.0101,1.223
2.16E-04,2.76E-04,89.353,0.0101,1.221
1.70E-04,1.99E-04,96.67,0.013,1.33
1.71E-04,2.01E-04,96.95,0.013,1.325
2.16E-04,3.25E-04,85.032,0.0101,0.991
2.18E-04,3.29E-04,85.566,0.0101,0.992
1.73E-04,2.50E-04,91.998,0.013,1.056
1.75E-04,2.53E-04,92.68,0.013,1.056
2.14E-04,2.73E-04,89.1,0.0101,1.224
2.16E-04,2.76E-04,89.335,0.0101,1.222
1.70E-04,1.99E-04,96.649,0.013,1.33
1.72E-04,2.02E-04,96.931,0.013,1.325
2.16E-04,3.26E-04,85.043,0.0101,0.992
2.19E-04,3.30E-04,85.58,0.0101,0.993
1.74E-04,2.51E-04,92.016,0.013,1.056
1.76E-04,2.54E-04,92.702,0.013,1.056
2.14E-04,2.73E-04,89.079,0.0101,1.225
2.17E-04,2.77E-04,89.318,0.0101,1.222
1.70E-04,1.99E-04,96.627,0.013,1.33
1.72E-04,2.02E-04,96.912,0.013,1.325
2.17E-04,3.27E-04,85.054,0.0101,0.992
2.19E-04,3.30E-04,85.593,0.0101,0.993
1.74E-04,2.51E-04,92.034,0.013,1.057
1.76E-04,2.54E-04,92.72,0.013,1.056
2.15E-04,2.74E-04,89.059,0.0101,1.225
2.17E-04,2.77E-04,89.285,0.0101,1.222
1.71E-04,2.00E-04,96.603,0.013,1.329
1.72E-04,2.02E-04,96.894,0.013,1.325
2.17E-04,3.27E-04,85.064,0.0101,0.993
2.20E-04,3.31E-04,85.608,0.0101,0.994
1.75E-04,2.52E-04,92.053,0.013,1.056
1.76E-04,2.54E-04,92.743,0.013,1.056
2.15E-04,2.74E-04,89.042,0.0101,1.226
2.17E-04,2.78E-04,89.287,0.0101,1.223
1.71E-04,2.00E-04,96.598,0.013,1.329
1.72E-04,2.03E-04,96.876,0.013,1.325
2.18E-04,3.28E-04,85.076,0.0101,0.994
2.20E-04,3.31E-04,85.623,0.0101,0.994
1.75E-04,2.52E-04,92.072,0.013,1.056
1.76E-04,2.55E-04,92.762,0.013,1.055
2.15E-04,2.74E-04,89.027,0.0101,1.225
2.18E-04,2.78E-04,89.259,0.0101,1.222
1.71E-04,2.00E-04,96.562,0.013,1.329
1.73E-04,2.03E-04,96.858,0.013,1.325
2.18E-04,3.28E-04,85.086,0.0101,0.994
2.21E-04,3.32E-04,85.638,0.0101,0.995
1.75E-04,2.53E-04,92.092,0.013,1.056
1.77E-04,2.55E-04,92.794,0.013,1.055
2.16E-04,2.75E-04,88.985,0.0101,1.226
2.18E-04,2.78E-04,89.256,0.0101,1.223
1.71E-04,2.01E-04,96.543,0.013,1.329
1.73E-04,2.03E-04,96.841,0.013,1.324
2.18E-04,3.29E-04,85.099,0.0101,0.995
2.21E-04,3.32E-04,85.653,0.0101,0.995
1.75E-04,2.53E-04,92.112,0.013,1.056
1.77E-04,2.56E-04,92.818,0.013,1.055
2.16E-04,2.75E-04,88.969,0.0101,1.226
2.18E-04,2.79E-04,89.241,0.0101,1.223
1.71E-04,2.01E-04,96.522,0.013,1.329
1.73E-04,2.04E-04,96.824,0.013,1.324
2.19E-04,3.29E-04,85.111,0.0101,0.995
2.21E-04,3.33E-04,85.669,0.0101,0.996
1.76E-04,2.54E-04,92.132,0.013,1.056
1.77E-04,2.56E-04,92.842,0.013,1.055
2.16E-04,2.76E-04,88.971,0.0101,1.227
2.19E-04,2.79E-04,89.227,0.0101,1.223
1.72E-04,2.01E-04,96.502,0.013,1.328
1.73E-04,2.04E-04,96.807,0.013,1.324
2.19E-04,3.30E-04,85.122,0.0101,0.996
2.22E-04,3.33E-04,85.684,0.0101,0.996
1.76E-04,2.54E-04,92.153,0.013,1.056
1.78E-04,2.57E-04,92.866,0.013,1.055
2.17E-04,2.76E-04,88.955,0.0101,1.227
2.19E-04,2.80E-04,89.213,0.0101,1.224
1.72E-04,2.01E-04,96.482,0.013,1.328
1.74E-04,2.04E-04,96.79,0.013,1.323
2.20E-04,3.30E-04,85.135,0.0101,0.996
2.22E-04,3.34E-04,85.7,0.0101,0.996
1.76E-04,2.55E-04,92.173,0.013,1.055
1.78E-04,2.57E-04,92.891,0.013,1.054
2.17E-04,2.76E-04,88.939,0.0101,1.227
2.19E-04,2.80E-04,89.191,0.0101,1.224
1.72E-04,2.02E-04,96.476,0.013,1.327
1.74E-04,2.05E-04,96.774,0.013,1.323
2.20E-04,3.31E-04,85.148,0.0101,0.996
2.22E-04,3.35E-04,85.717,0.0101,0.996
1.77E-04,2.55E-04,92.195,0.013,1.055
1.78E-04,2.58E-04,92.917,0.013,1.054
2.17E-04,2.77E-04,88.929,0.0101,1.226
2.19E-04,2.80E-04,89.189,0.0101,1.223
1.72E-04,2.02E-04,96.444,0.013,1.327
1.74E-04,2.05E-04,96.758,0.013,1.323
2.20E-04,3.32E-04,85.161,0.0101,0.996
2.23E-04,3.35E-04,85.733,0.0101,0.996
1.77E-04,2.55E-04,92.216,0.013,1.055
1.78E-04,2.58E-04,92.942,0.013,1.053
2.18E-04,2.77E-04,88.908,0.0101,1.227
2.20E-04,2.81E-04,89.172,0.0101,1.224
1.73E-04,2.02E-04,96.425,0.013,1.327
1.74E-04,2.05E-04,96.742,0.013,1.322
2.21E-04,3.32E-04,85.173,0.0101,0.996
2.23E-04,3.36E-04,85.75,0.0101,0.996
1.77E-04,2.56E-04,92.238,0.013,1.054
1.79E-04,2.58E-04,92.968,0.013,1.053
2.18E-04,2.77E-04,88.893,0.0101,1.227
2.20E-04,2.81E-04,89.159,0.0101,1.224
1.73E-04,2.03E-04,96.405,0.013,1.327
1.74E-04,2.05E-04,96.727,0.013,1.322
2.21E-04,3.33E-04,85.187,0.0101,0.997
2.24E-04,3.36E-04,85.767,0.0101,0.996
1.77E-04,2.56E-04,92.256,0.013,1.054
1.79E-04,2.59E-04,92.994,0.013,1.053
2.18E-04,2.78E-04,88.878,0.0101,1.227
2.20E-04,2.81E-04,89.147,0.0101,1.223
1.73E-04,2.03E-04,96.387,0.013,1.326
1.75E-04,2.06E-04,96.71,0.013,1.321
2.22E-04,3.33E-04,85.201,0.0101,0.997
2.24E-04,3.37E-04,85.784,0.0101,0.996
1.77E-04,2.57E-04,92.282,0.013,1.054
1.79E-04,2.59E-04,93.021,0.013,1.052
2.18E-04,2.78E-04,88.864,0.0101,1.227
2.21E-04,2.82E-04,89.133,0.0101,1.223
1.73E-04,2.03E-04,96.369,0.013,1.326
1.75E-04,2.06E-04,96.695,0.013,1.321
2.22E-04,3.33E-04,85.214,0.0101,0.997
2.24E-04,3.37E-04,85.802,0.0101,0.996
1.78E-04,2.57E-04,92.305,0.013,1.053
1.79E-04,2.60E-04,93.047,0.013,1.052
2.19E-04,2.78E-04,88.85,0.0101,1.227
2.21E-04,2.82E-04,89.122,0.0101,1.223
1.73E-04,2.04E-04,96.351,0.013,1.325
1.75E-04,2.06E-04,96.679,0.013,1.321
2.22E-04,3.34E-04,85.228,0.0101,0.997
2.24E-04,3.37E-04,85.819,0.0101,0.996
1.78E-04,2.58E-04,92.328,0.013,1.053
1.80E-04,2.60E-04,93.074,0.013,1.051
2.19E-04,2.79E-04,88.836,0.0101,1.227
2.21E-04,2.82E-04,89.11,0.0101,1.223
1.73E-04,2.04E-04,96.332,0.013,1.325
1.75E-04,2.07E-04,96.667,0.013,1.32
2.22E-04,3.34E-04,85.242,0.0101,0.997
2.25E-04,3.38E-04,85.837,0.0101,0.996
1.78E-04,2.58E-04,92.351,0.013,1.052
1.80E-04,2.61E-04,93.102,0.013,1.05
2.19E-04,2.79E-04,88.805,0.0101,1.227
2.21E-04,2.83E-04,89.098,0.0101,1.223
1.74E-04,2.04E-04,96.315,0.013,1.325
1.75E-04,2.07E-04,96.651,0.013,1.32
2.23E-04,3.35E-04,85.256,0.0101,0.997
2.25E-04,3.38E-04,85.856,0.0101,0.996
1.78E-04,2.58E-04,92.374,0.013,1.052
1.80E-04,2.61E-04,93.129,0.013,1.05
2.19E-04,2.79E-04,88.81,0.0101,1.227
2.22E-04,2.83E-04,89.087,0.0101,1.223
1.74E-04,2.04E-04,96.298,0.013,1.324
1.75E-04,2.07E-04,96.637,0.013,1.319
2.23E-04,3.35E-04,85.272,0.0101,0.997
2.25E-04,3.39E-04,85.874,0.0101,0.996
1.79E-04,2.59E-04,92.398,0.013,1.051
1.80E-04,2.61E-04,93.079,0.013,1.048
2.19E-04,2.80E-04,88.803,0.0101,1.225
2.22E-04,2.83E-04,89.076,0.0101,1.223
1.74E-04,2.05E-04,96.281,0.013,1.324
1.76E-04,2.08E-04,96.623,0.013,1.319
2.23E-04,3.36E-04,85.286,0.0101,0.996
2.26E-04,3.39E-04,85.893,0.0101,0.996
1.79E-04,2.59E-04,92.422,0.013,1.051
1.80E-04,2.62E-04,93.185,0.013,1.049
2.20E-04,2.80E-04,88.784,0.0101,1.226
2.22E-04,2.84E-04,89.064,0.0101,1.222
1.74E-04,2.05E-04,96.264,0.013,1.323
1.76E-04,2.08E-04,96.609,0.013,1.318
2.24E-04,3.36E-04,85.301,0.0101,0.996
2.26E-04,3.40E-04,85.911,0.0101,0.995
1.79E-04,2.59E-04,92.446,0.013,1.05
1.81E-04,2.62E-04,93.214,0.013,1.048
2.20E-04,2.80E-04,88.772,0.0101,1.226
2.22E-04,2.84E-04,89.053,0.0101,1.222
1.74E-04,2.05E-04,96.25,0.013,1.322
1.76E-04,2.08E-04,96.596,0.013,1.318
2.24E-04,3.37E-04,85.315,0.0101,0.996
2.26E-04,3.40E-04,85.93,0.0101,0.995
1.79E-04,2.60E-04,92.47,0.013,1.05
1.81E-04,2.63E-04,93.242,0.013,1.048
2.20E-04,2.81E-04,88.76,0.0101,1.226
2.23E-04,2.84E-04,89.043,0.0101,1.222
1.75E-04,2.05E-04,96.231,0.013,1.322
1.76E-04,2.08E-04,96.582,0.013,1.317
2.24E-04,3.37E-04,85.331,0.0101,0.996
2.26E-04,3.41E-04,85.95,0.0101,0.995
1.79E-04,2.60E-04,92.495,0.013,1.049
1.81E-04,2.63E-04,93.271,0.013,1.047
2.21E-04,2.81E-04,88.748,0.0101,1.226
2.23E-04,2.85E-04,89.032,0.0101,1.222
1.74E-04,2.06E-04,96.229,0.013,1.321
1.76E-04,2.09E-04,96.568,0.013,1.317
2.24E-04,3.38E-04,85.347,0.0101,0.996
2.27E-04,3.41E-04,85.969,0.0101,0.995
1.80E-04,2.61E-04,92.516,0.013,1.049
1.81E-04,2.63E-04,93.293,0.013,1.046
2.21E-04,2.81E-04,88.718,0.0101,1.225
2.23E-04,2.85E-04,89.021,0.0101,1.221
1.75E-04,2.06E-04,96.198,0.013,1.321
1.76E-04,2.09E-04,96.555,0.013,1.316
2.25E-04,3.38E-04,85.361,0.0101,0.996
2.27E-04,3.42E-04,85.989,0.0101,0.994
1.80E-04,2.61E-04,92.545,0.013,1.048
1.81E-04,2.64E-04,93.33,0.013,1.046
2.21E-04,2.82E-04,88.731,0.0101,1.224
2.23E-04,2.85E-04,89.011,0.0101,1.221
1.75E-04,2.06E-04,96.183,0.013,1.321
1.77E-04,2.09E-04,96.541,0.013,1.316
2.25E-04,3.38E-04,85.377,0.0101,0.995
2.27E-04,3.42E-04,86.008,0.0101,0.994
1.80E-04,2.61E-04,92.57,0.013,1.047
1.81E-04,2.64E-04,93.36,0.013,1.045
2.21E-04,2.82E-04,88.713,0.0101,1.225
2.23E-04,2.86E-04,89.001,0.0101,1.221
1.75E-04,2.07E-04,96.167,0.013,1.321
1.77E-04,2.09E-04,96.531,0.013,1.314
2.25E-04,3.39E-04,85.392,0.0101,0.995
2.27E-04,3.42E-04,86.028,0.0101,0.994
1.80E-04,2.62E-04,92.592,0.013,1.047
1.82E-04,2.64E-04,93.39,0.013,1.044
2.21E-04,2.82E-04,88.708,0.0101,1.224
2.24E-04,2.86E-04,88.99,0.0101,1.221
1.75E-04,2.07E-04,96.152,0.013,1.32
1.77E-04,2.10E-04,96.531,0.013,1.314
2.25E-04,3.39E-04,85.408,0.0101,0.995
2.28E-04,3.43E-04,86.049,0.0101,0.993
1.80E-04,2.62E-04,92.622,0.013,1.046
1.82E-04,2.65E-04,93.417,0.013,1.044
2.22E-04,2.83E-04,88.691,0.0101,1.225
2.24E-04,2.86E-04,88.98,0.0101,1.22
1.75E-04,2.07E-04,96.136,0.013,1.32
1.77E-04,2.10E-04,96.502,0.013,1.314
2.26E-04,3.40E-04,85.425,0.0101,0.994
2.28E-04,3.43E-04,86.069,0.0101,0.993
1.81E-04,2.62E-04,92.648,0.013,1.046
1.82E-04,2.65E-04,93.443,0.013,1.043
2.22E-04,2.83E-04,88.686,0.0101,1.223
2.24E-04,2.87E-04,88.97,0.0101,1.22
1.76E-04,2.07E-04,96.121,0.013,1.319
1.77E-04,2.10E-04,96.491,0.013,1.314
2.26E-04,3.40E-04,85.441,0.0101,0.994
2.28E-04,3.44E-04,86.09,0.0101,0.993
1.81E-04,2.63E-04,92.674,0.013,1.045
1.82E-04,2.66E-04,93.482,0.013,1.042
2.22E-04,2.83E-04,88.675,0.0101,1.223
2.24E-04,2.87E-04,88.961,0.0101,1.22
1.76E-04,2.08E-04,96.107,0.013,1.319
1.77E-04,2.11E-04,96.479,0.013,1.313
2.26E-04,3.41E-04,85.458,0.0101,0.994
2.28E-04,3.44E-04,86.11,0.0101,0.992
1.81E-04,2.63E-04,92.7,0.013,1.044
1.82E-04,2.66E-04,93.513,0.013,1.042
2.22E-04,2.83E-04,88.659,0.0101,1.224
2.24E-04,2.87E-04,88.951,0.0101,1.219
1.76E-04,2.08E-04,96.092,0.013,1.318
1.78E-04,2.11E-04,96.464,0.013,1.313
2.26E-04,3.41E-04,85.474,0.0101,0.994
2.28E-04,3.45E-04,86.131,0.0101,0.992
1.81E-04,2.64E-04,92.727,0.013,1.044
1.83E-04,2.66E-04,93.543,0.013,1.041
2.22E-04,2.84E-04,88.648,0.0101,1.224
2.24E-04,2.88E-04,88.941,0.0101,1.219
1.76E-04,2.08E-04,96.078,0.013,1.318
1.78E-04,2.11E-04,96.454,0.013,1.312
2.27E-04,3.41E-04,85.491,0.0101,0.993
2.29E-04,3.45E-04,86.152,0.0101,0.991
1.81E-04,2.64E-04,92.754,0.013,1.043
1.83E-04,2.67E-04,93.576,0.013,1.04
2.22E-04,2.84E-04,88.638,0.0101,1.223
2.25E-04,2.88E-04,88.932,0.0101,1.219
1.76E-04,2.08E-04,96.063,0.013,1.317
1.78E-04,2.11E-04,96.439,0.013,1.311
2.27E-04,3.42E-04,85.508,0.0101,0.993
2.29E-04,3.45E-04,86.174,0.0101,0.991
1.81E-04,2.64E-04,92.753,0.013,1.042
1.83E-04,2.67E-04,93.608,0.013,1.04
2.22E-04,2.84E-04,88.634,0.0101,1.222
2.25E-04,2.88E-04,88.922,0.0101,1.218
1.76E-04,2.09E-04,96.049,0.013,1.317
1.78E-04,2.12E-04,96.429,0.013,1.311
2.27E-04,3.42E-04,85.526,0.0101,0.992
2.29E-04,3.46E-04,86.193,0.0101,0.991
1.81E-04,2.65E-04,92.805,0.013,1.042
1.83E-04,2.67E-04,93.64,0.013,1.039
2.23E-04,2.85E-04,88.618,0.0101,1.223
2.25E-04,2.88E-04,88.913,0.0101,1.218
1.76E-04,2.09E-04,96.035,0.013,1.316
1.78E-04,2.12E-04,96.42,0.013,1.31
2.27E-04,3.43E-04,85.543,0.0101,0.992
2.29E-04,3.46E-04,86.219,0.0101,0.99
1.82E-04,2.65E-04,92.833,0.013,1.041
1.83E-04,2.68E-04,93.672,0.013,1.038
2.23E-04,2.85E-04,88.608,0.0101,1.223
2.25E-04,2.89E-04,88.904,0.0101,1.218
1.77E-04,2.09E-04,96.022,0.013,1.316
1.78E-04,2.12E-04,96.407,0.013,1.31
2.27E-04,3.43E-04,85.561,0.0101,0.992
2.29E-04,3.47E-04,86.241,0.0101,0.99
1.82E-04,2.65E-04,92.864,0.013,1.04
1.83E-04,2.68E-04,93.705,0.013,1.037
2.23E-04,2.85E-04,88.599,0.0101,1.222
2.25E-04,2.89E-04,88.895,0.0101,1.217
1.77E-04,2.09E-04,96.008,0.013,1.315
1.78E-04,2.12E-04,96.408,0.013,1.309
2.28E-04,3.43E-04,85.581,0.0101,0.991
2.30E-04,3.47E-04,86.263,0.0101,0.989
1.82E-04,2.66E-04,92.892,0.013,1.04
1.83E-04,2.68E-04,93.738,0.013,1.037
2.23E-04,2.85E-04,88.589,0.0101,1.222
2.26E-04,2.89E-04,88.886,0.0101,1.217
1.77E-04,2.10E-04,95.995,0.013,1.315
1.78E-04,2.13E-04,96.397,0.013,1.309
2.28E-04,3.44E-04,85.597,0.0101,0.991
2.30E-04,3.47E-04,86.254,0.0101,0.988
1.82E-04,2.66E-04,92.917,0.013,1.039
1.84E-04,2.69E-04,93.771,0.013,1.036
2.24E-04,2.86E-04,88.58,0.0101,1.222
2.26E-04,2.90E-04,88.863,0.0101,1.216
1.77E-04,2.10E-04,95.982,0.013,1.314
1.79E-04,2.13E-04,96.373,0.013,1.308
2.28E-04,3.44E-04,85.617,0.0101,0.99
2.30E-04,3.48E-04,86.308,0.0101,0.988
1.82E-04,2.66E-04,92.948,0.013,1.038
1.84E-04,2.69E-04,93.804,0.013,1.035
2.24E-04,2.86E-04,88.571,0.0101,1.221
2.26E-04,2.90E-04,88.868,0.0101,1.216
1.77E-04,2.10E-04,95.969,0.013,1.314
1.79E-04,2.13E-04,96.361,0.013,1.308
2.28E-04,3.45E-04,85.636,0.0101,0.99
2.30E-04,3.48E-04,86.331,0.0101,0.988
1.82E-04,2.67E-04,92.976,0.013,1.038
1.84E-04,2.69E-04,93.838,0.013,1.035
2.24E-04,2.86E-04,88.562,0.0101,1.221
2.26E-04,2.90E-04,88.859,0.0101,1.216
1.77E-04,2.10E-04,95.956,0.013,1.313
1.79E-04,2.13E-04,96.35,0.013,1.307
2.28E-04,3.45E-04,85.654,0.0101,0.99
2.30E-04,3.49E-04,86.353,0.0101,0.987
1.83E-04,2.67E-04,93.006,0.013,1.037
1.84E-04,2.70E-04,93.87,0.013,1.034
2.24E-04,2.87E-04,88.553,0.0101,1.221
2.26E-04,2.90E-04,88.851,0.0101,1.216
1.77E-04,2.11E-04,95.943,0.013,1.313
1.79E-04,2.14E-04,96.352,0.013,1.306
2.29E-04,3.45E-04,85.671,0.0101,0.989
2.31E-04,3.49E-04,86.376,0.0101,0.987
1.83E-04,2.67E-04,93.035,0.013,1.036
1.84E-04,2.70E-04,93.903,0.013,1.033
2.24E-04,2.87E-04,88.544,0.0101,1.22
2.26E-04,2.91E-04,88.842,0.0101,1.215
1.77E-04,2.11E-04,95.931,0.013,1.312
1.79E-04,2.14E-04,96.329,0.013,1.306
2.29E-04,3.46E-04,85.69,0.0101,0.989
2.31E-04,3.49E-04,86.399,0.0101,0.987
1.83E-04,2.68E-04,93.064,0.013,1.036
1.84E-04,2.71E-04,93.937,0.013,1.032
2.24E-04,2.87E-04,88.535,0.0101,1.22
2.26E-04,2.91E-04,88.834,0.0101,1.215
1.78E-04,2.11E-04,95.918,0.013,1.312
1.79E-04,2.14E-04,96.316,0.013,1.305
2.29E-04,3.46E-04,85.709,0.0101,0.988
2.31E-04,3.50E-04,86.423,0.0101,0.986
1.83E-04,2.68E-04,93.094,0.013,1.035
1.84E-04,2.71E-04,93.972,0.013,1.032
2.24E-04,2.87E-04,88.527,0.0101,1.22
2.27E-04,2.91E-04,88.826,0.0101,1.215
1.78E-04,2.11E-04,95.906,0.013,1.311
1.79E-04,2.14E-04,96.305,0.013,1.305
2.29E-04,3.46E-04,85.728,0.0101,0.988
2.31E-04,3.50E-04,86.446,0.0101,0.986
1.83E-04,2.68E-04,93.123,0.013,1.034
1.85E-04,2.71E-04,93.812,0.013,1.033
2.25E-04,2.88E-04,88.518,0.0101,1.219
2.27E-04,2.92E-04,88.817,0.0101,1.214
1.78E-04,2.12E-04,95.894,0.013,1.311
1.79E-04,2.15E-04,96.298,0.013,1.304
2.29E-04,3.47E-04,85.748,0.0101,0.988
2.31E-04,3.50E-04,86.466,0.0101,0.985
1.83E-04,2.69E-04,93.153,0.013,1.034
1.85E-04,2.72E-04,94.038,0.013,1.03
2.25E-04,2.88E-04,88.51,0.0101,1.219
2.27E-04,2.92E-04,88.809,0.0101,1.214
1.78E-04,2.12E-04,95.882,0.013,1.31
1.80E-04,2.15E-04,96.286,0.013,1.304
2.29E-04,3.47E-04,85.768,0.0101,0.987
2.32E-04,3.51E-04,86.49,0.0101,0.985
1.83E-04,2.69E-04,93.183,0.013,1.033
1.85E-04,2.72E-04,94.077,0.013,1.029
2.25E-04,2.88E-04,88.502,0.0101,1.219
2.27E-04,2.92E-04,88.801,0.0101,1.213
1.78E-04,2.12E-04,95.871,0.013,1.31
1.80E-04,2.15E-04,96.289,0.013,1.303
2.30E-04,3.47E-04,85.788,0.0101,0.987
2.32E-04,3.51E-04,86.514,0.0101,0.984
1.84E-04,2.69E-04,93.214,0.013,1.032
1.85E-04,2.72E-04,94.113,0.013,1.029
2.25E-04,2.88E-04,88.494,0.0101,1.218
2.27E-04,2.92E-04,88.793,0.0101,1.213
1.78E-04,2.12E-04,95.859,0.013,1.309
1.80E-04,2.15E-04,96.266,0.013,1.303
2.30E-04,3.48E-04,85.808,0.0101,0.986
2.32E-04,3.52E-04,86.538,0.0101,0.984
1.84E-04,2.70E-04,93.244,0.013,1.032
1.85E-04,2.73E-04,94.149,0.013,1.028
2.25E-04,2.89E-04,88.486,0.0101,1.218
2.27E-04,2.93E-04,88.785,0.0101,1.213
1.78E-04,2.12E-04,95.848,0.013,1.309
1.80E-04,2.16E-04,96.255,0.013,1.302
2.30E-04,3.48E-04,85.828,0.0101,0.986
2.32E-04,3.52E-04,86.562,0.0101,0.983
1.84E-04,2.70E-04,93.275,0.013,1.031
1.85E-04,2.73E-04,94.185,0.013,1.027
2.25E-04,2.89E-04,88.478,0.0101,1.218
2.27E-04,2.93E-04,88.777,0.0101,1.212
1.78E-04,2.13E-04,95.836,0.013,1.308
1.80E-04,2.16E-04,96.245,0.013,1.302
2.30E-04,3.49E-04,85.849,0.0101,0.985
2.32E-04,3.52E-04,86.586,0.0101,0.983
1.84E-04,2.70E-04,93.306,0.013,1.03
1.85E-04,2.73E-04,94.223,0.013,1.027
2.25E-04,2.89E-04,88.47,0.0101,1.217
2.28E-04,2.93E-04,88.77,0.0101,1.212
1.79E-04,2.13E-04,95.825,0.013,1.308
1.80E-04,2.16E-04,96.235,0.013,1.301
2.30E-04,3.49E-04,85.869,0.0101,0.985
2.32E-04,3.53E-04,86.611,0.0101,0.982
1.84E-04,2.71E-04,93.337,0.013,1.029
1.86E-04,2.74E-04,94.26,0.013,1.026
2.26E-04,2.89E-04,88.462,0.0101,1.217
2.28E-04,2.93E-04,88.762,0.0101,1.211
1.79E-04,2.13E-04,95.814,0.013,1.307
1.80E-04,2.16E-04,96.226,0.013,1.301
2.30E-04,3.49E-04,85.89,0.0101,0.984
2.32E-04,3.53E-04,86.635,0.0101,0.982
1.84E-04,2.71E-04,93.369,0.013,1.029
1.86E-04,2.74E-04,94.25,0.013,1.024
2.26E-04,2.90E-04,88.454,0.0101,1.217
2.28E-04,2.94E-04,88.754,0.0101,1.211
1.79E-04,2.13E-04,95.803,0.013,1.306
1.80E-04,2.16E-04,96.216,0.013,1.3
2.31E-04,3.50E-04,85.912,0.0101,0.984
2.33E-04,3.53E-04,86.66,0.0101,0.981
1.84E-04,2.71E-04,93.4,0.013,1.028
1.86E-04,2.74E-04,94.331,0.013,1.024
2.26E-04,2.90E-04,88.447,0.0101,1.216
2.28E-04,2.94E-04,88.747,0.0101,1.211
1.79E-04,2.14E-04,95.793,0.013,1.306
1.80E-04,2.17E-04,96.206,0.013,1.299
2.31E-04,3.50E-04,85.933,0.0101,0.983
2.33E-04,3.54E-04,86.685,0.0101,0.981
1.84E-04,2.72E-04,93.432,0.013,1.027
1.86E-04,2.74E-04,94.371,0.013,1.024
2.26E-04,2.90E-04,88.439,0.0101,1.216
2.28E-04,2.94E-04,88.739,0.0101,1.21
1.79E-04,2.14E-04,95.782,0.013,1.305
1.81E-04,2.17E-04,96.21,0.013,1.299
2.31E-04,3.50E-04,85.955,0.0101,0.983
2.33E-04,3.54E-04,86.715,0.0101,0.98
1.85E-04,2.72E-04,93.464,0.013,1.027
1.86E-04,2.75E-04,94.406,0.013,1.023
2.26E-04,2.90E-04,88.431,0.0101,1.216
2.28E-04,2.94E-04,88.732,0.0101,1.21
1.79E-04,2.14E-04,95.772,0.013,1.305
1.81E-04,2.17E-04,96.187,0.013,1.298
2.31E-04,3.51E-04,85.976,0.0101,0.982
2.33E-04,3.54E-04,86.741,0.0101,0.979
1.85E-04,2.72E-04,93.497,0.013,1.026
1.86E-04,2.75E-04,94.446,0.013,1.022
2.26E-04,2.91E-04,88.424,0.0101,1.215
2.28E-04,2.95E-04,88.725,0.0101,1.21
1.79E-04,2.14E-04,95.761,0.013,1.304
1.81E-04,2.17E-04,96.178,0.013,1.298
2.31E-04,3.51E-04,85.998,0.0101,0.982
2.33E-04,3.55E-04,86.766,0.0101,0.979
1.85E-04,2.73E-04,93.529,0.013,1.025
1.86E-04,2.75E-04,94.484,0.013,1.021
2.26E-04,2.91E-04,88.417,0.0101,1.215
2.29E-04,2.95E-04,88.717,0.0101,1.209
1.79E-04,2.14E-04,95.751,0.013,1.304
1.81E-04,2.18E-04,96.168,0.013,1.297
2.31E-04,3.51E-04,86.021,0.0101,0.981
2.33E-04,3.55E-04,86.792,0.0101,0.978
1.85E-04,2.73E-04,93.562,0.013,1.025
1.86E-04,2.76E-04,94.522,0.013,1.02
2.27E-04,2.91E-04,88.409,0.0101,1.215
2.29E-04,2.95E-04,88.71,0.0101,1.209
1.79E-04,2.15E-04,95.741,0.013,1.303
1.81E-04,2.18E-04,96.159,0.013,1.297
2.32E-04,3.52E-04,86.043,0.0101,0.981
2.34E-04,3.55E-04,86.818,0.0101,0.978
1.85E-04,2.73E-04,93.595,0.013,1.024
1.87E-04,2.76E-04,94.56,0.013,1.02
2.27E-04,2.91E-04,88.402,0.0101,1.214
2.29E-04,2.96E-04,88.703,0.0101,1.208
1.80E-04,2.15E-04,95.731,0.013,1.303
1.81E-04,2.18E-04,96.15,0.013,1.296
2.32E-04,3.52E-04,86.065,0.0101,0.98
2.34E-04,3.56E-04,86.844,0.0101,0.977
1.85E-04,2.73E-04,93.629,0.013,1.023
1.87E-04,2.76E-04,94.598,0.013,1.019
2.27E-04,2.92E-04,88.395,0.0101,1.214
2.29E-04,2.96E-04,88.696,0.0101,1.208
1.80E-04,2.15E-04,95.721,0.013,1.302
1.81E-04,2.18E-04,96.141,0.013,1.295
2.32E-04,3.52E-04,86.088,0.0101,0.98
2.34E-04,3.56E-04,86.87,0.0101,0.977
1.85E-04,2.74E-04,93.662,0.013,1.022
1.87E-04,2.77E-04,94.637,0.013,1.018
2.27E-04,2.92E-04,88.388,0.0101,1.214
2.29E-04,2.96E-04,88.689,0.0101,1.208
1.80E-04,2.15E-04,95.712,0.013,1.302
1.81E-04,2.19E-04,96.132,0.013,1.295
2.32E-04,3.53E-04,86.111,0.0101,0.979
2.34E-04,3.56E-04,86.896,0.0101,0.976
1.85E-04,2.74E-04,93.696,0.013,1.022
1.87E-04,2.77E-04,94.676,0.013,1.017
2.27E-04,2.92E-04,88.381,0.0101,1.213
2.29E-04,2.96E-04,88.682,0.0101,1.207
1.80E-04,2.16E-04,95.702,0.013,1.301
1.81E-04,2.19E-04,96.123,0.013,1.294
2.32E-04,3.53E-04,86.134,0.0101,0.979
2.34E-04,3.57E-04,86.923,0.0101,0.976
1.86E-04,2.74E-04,93.73,0.013,1.021
1.87E-04,2.77E-04,94.716,0.013,1.017
2.27E-04,2.92E-04,88.374,0.0101,1.213
2.29E-04,2.97E-04,88.675,0.0101,1.207
1.80E-04,2.16E-04,95.692,0.013,1.301
1.82E-04,2.19E-04,96.114,0.013,1.294
2.32E-04,3.53E-04,86.158,0.0101,0.979
2.34E-04,3.57E-04,86.949,0.0101,0.975
1.86E-04,2.75E-04,93.764,0.013,1.02
1.87E-04,2.78E-04,94.755,0.013,1.016
2.27E-04,2.93E-04,88.367,0.0101,1.213
2.29E-04,2.97E-04,88.668,0.0101,1.206
1.80E-04,2.16E-04,95.683,0.013,1.3
1.82E-04,2.19E-04,96.106,0.013,1.293
2.32E-04,3.54E-04,86.181,0.0101,0.978
2.34E-04,3.57E-04,86.976,0.0101,0.975
1.86E-04,2.75E-04,93.799,0.013,1.02
1.87E-04,2.78E-04,94.795,0.013,1.015
2.27E-04,2.93E-04,88.36,0.0101,1.212
2.30E-04,2.97E-04,88.662,0.0101,1.206
1.80E-04,2.16E-04,95.674,0.013,1.3
1.82E-04,2.19E-04,96.097,0.013,1.293
2.33E-04,3.54E-04,86.205,0.0101,0.978
2.34E-04,3.58E-04,87.003,0.0101,0.974
1.86E-04,2.75E-04,93.834,0.013,1.019
1.87E-04,2.78E-04,94.836,0.013,1.014
2.28E-04,2.93E-04,88.353,0.0101,1.212
2.30E-04,2.97E-04,88.655,0.0101,1.205
1.80E-04,2.16E-04,95.665,0.013,1.299
1.82E-04,2.20E-04,96.089,0.013,1.292
2.33E-04,3.54E-04,86.229,0.0101,0.977
2.35E-04,3.58E-04,87.03,0.0101,0.974
1.86E-04,2.76E-04,93.869,0.013,1.018
1.87E-04,2.79E-04,94.876,0.013,1.014
2.28E-04,2.93E-04,88.347,0.0101,1.212
2.30E-04,2.98E-04,88.648,0.0101,1.205
1.80E-04,2.17E-04,95.655,0.013,1.299
1.82E-04,2.20E-04,96.08,0.013,1.292
2.33E-04,3.55E-04,86.253,0.0101,0.977
2.35E-04,3.58E-04,87.057,0.0101,0.973
1.86E-04,2.76E-04,93.904,0.013,1.017
1.88E-04,2.79E-04,94.917,0.013,1.013
2.28E-04,2.94E-04,88.34,0.0101,1.211
2.30E-04,2.98E-04,88.642,0.0101,1.205
1.80E-04,2.17E-04,95.646,0.013,1.298
1.82E-04,2.20E-04,96.072,0.013,1.291
2.33E-04,3.55E-04,86.277,0.0101,0.976
2.35E-04,3.59E-04,87.078,0.0101,0.973
1.86E-04,2.76E-04,93.94,0.013,1.017
1.88E-04,2.79E-04,94.957,0.013,1.012
2.28E-04,2.94E-04,88.333,0.0101,1.211
2.30E-04,2.98E-04,88.635,0.0101,1.204
1.81E-04,2.17E-04,95.638,0.013,1.298
1.82E-04,2.20E-04,96.064,0.013,1.29
2.33E-04,3.55E-04,86.302,0.0101,0.976
2.35E-04,3.59E-04,87.105,0.0101,0.972
1.86E-04,2.76E-04,93.976,0.013,1.016
1.88E-04,2.79E-04,94.999,0.013,1.011
2.28E-04,2.94E-04,88.327,0.0101,1.211
2.30E-04,2.98E-04,88.628,0.0101,1.204
1.81E-04,2.17E-04,95.629,0.013,1.297
1.82E-04,2.21E-04,96.055,0.013,1.29
2.33E-04,3.56E-04,86.326,0.0101,0.975
2.35E-04,3.59E-04,87.133,0.0101,0.972
1.86E-04,2.77E-04,94.012,0.013,1.015
1.88E-04,2.80E-04,95.04,0.013,1.011
2.28E-04,2.94E-04,88.32,0.0101,1.21
2.30E-04,2.98E-04,88.622,0.0101,1.203
1.81E-04,2.17E-04,95.62,0.013,1.297
1.82E-04,2.21E-04,96.047,0.013,1.289
2.33E-04,3.56E-04,86.351,0.0101,0.975
2.35E-04,3.60E-04,87.16,0.0101,0.971
1.86E-04,2.77E-04,94.049,0.013,1.015
1.88E-04,2.80E-04,95.082,0.013,1.01
2.28E-04,2.94E-04,88.313,0.0101,1.21
2.30E-04,2.99E-04,88.616,0.0101,1.203
1.81E-04,2.18E-04,95.612,0.013,1.296
1.82E-04,2.21E-04,96.039,0.013,1.289
2.33E-04,3.56E-04,86.376,0.0101,0.974
2.35E-04,3.60E-04,87.188,0.0101,0.97
1.87E-04,2.77E-04,94.085,0.013,1.014
1.88E-04,2.80E-04,95.123,0.013,1.009
2.28E-04,2.95E-04,88.307,0.0101,1.209
2.30E-04,2.99E-04,88.609,0.0101,1.203
1.81E-04,2.18E-04,95.603,0.013,1.296
1.83E-04,2.21E-04,96.032,0.013,1.288
2.34E-04,3.56E-04,86.401,0.0101,0.974
2.36E-04,3.60E-04,87.216,0.0101,0.97
1.87E-04,2.78E-04,94.122,0.013,1.013
1.88E-04,2.81E-04,95.165,0.013,1.008
2.28E-04,2.95E-04,88.3,0.0101,1.209
2.31E-04,2.99E-04,88.603,0.0101,1.202
1.81E-04,2.18E-04,95.595,0.013,1.295
1.83E-04,2.21E-04,96.024,0.013,1.288
2.34E-04,3.57E-04,86.427,0.0101,0.973
2.36E-04,3.61E-04,87.244,0.0101,0.969
1.87E-04,2.78E-04,94.16,0.013,1.012
1.88E-04,2.81E-04,95.208,0.013,1.007
2.29E-04,2.95E-04,88.294,0.0101,1.209
2.31E-04,2.99E-04,88.597,0.0101,1.202
1.81E-04,2.18E-04,95.586,0.013,1.295
1.83E-04,2.22E-04,96.016,0.013,1.287
2.34E-04,3.57E-04,86.452,0.0101,0.973
2.36E-04,3.61E-04,87.272,0.0101,0.969
1.87E-04,2.78E-04,94.197,0.013,1.012
1.88E-04,2.81E-04,95.249,0.013,1.007
2.29E-04,2.95E-04,88.288,0.0101,1.208
2.31E-04,3.00E-04,88.59,0.0101,1.201
1.81E-04,2.18E-04,95.578,0.013,1.294
1.83E-04,2.22E-04,96.009,0.013,1.287
2.34E-04,3.57E-04,86.478,0.0101,0.972
2.36E-04,3.61E-04,87.3,0.0101,0.968
1.87E-04,2.78E-04,94.235,0.013,1.011
1.88E-04,2.82E-04,95.292,0.013,1.006
2.29E-04,2.96E-04,88.281,0.0101,1.208
2.31E-04,3.00E-04,88.584,0.0101,1.201
1.81E-04,2.19E-04,95.57,0.013,1.294
1.83E-04,2.22E-04,96.001,0.013,1.286
2.34E-04,3.58E-04,86.504,0.0101,0.972
2.36E-04,3.62E-04,87.329,0.0101,0.968
1.87E-04,2.79E-04,94.273,0.013,1.01
1.89E-04,2.82E-04,95.335,0.013,1.005
2.29E-04,2.96E-04,88.275,0.0101,1.208
2.31E-04,3.00E-04,88.578,0.0101,1.201
1.81E-04,2.19E-04,95.562,0.013,1.293
1.83E-04,2.22E-04,95.994,0.013,1.285
2.34E-04,3.58E-04,86.529,0.0101,0.971
2.36E-04,3.62E-04,87.357,0.0101,0.967
1.87E-04,2.79E-04,94.311,0.013,1.01
1.89E-04,2.82E-04,95.378,0.013,1.005
2.29E-04,2.96E-04,88.269,0.0101,1.207
2.31E-04,3.00E-04,88.572,0.0101,1.2
1.81E-04,2.19E-04,95.554,0.013,1.293
1.83E-04,2.22E-04,95.986,0.013,1.285
2.34E-04,3.58E-04,86.556,0.0101,0.971
2.36E-04,3.62E-04,87.386,0.0101,0.967
1.87E-04,2.79E-04,94.35,0.013,1.009
1.89E-04,2.82E-04,95.421,0.013,1.004
2.29E-04,2.96E-04,88.263,0.0101,1.207
2.31E-04,3.01E-04,88.566,0.0101,1.2
1.82E-04,2.19E-04,95.546,0.013,1.292
1.83E-04,2.23E-04,95.979,0.013,1.284
2.34E-04,3.59E-04,86.582,0.0101,0.97
2.36E-04,3.63E-04,87.415,0.0101,0.966
1.87E-04,2.80E-04,94.389,0.013,1.008
1.89E-04,2.83E-04,95.465,0.013,1.003
2.29E-04,2.96E-04,88.257,0.0101,1.207
2.31E-04,3.01E-04,88.56,0.0101,1.199
1.82E-04,2.19E-04,95.538,0.013,1.292
1.83E-04,2.23E-04,95.972,0.013,1.284
2.35E-04,3.59E-04,86.608,0.0101,0.97
2.37E-04,3.63E-04,87.444,0.0101,0.965
1.88E-04,2.80E-04,94.428,0.013,1.007
1.89E-04,2.83E-04,95.509,0.013,1.002
2.29E-04,2.97E-04,88.251,0.0101,1.206
2.31E-04,3.01E-04,88.554,0.0101,1.199
1.82E-04,2.20E-04,95.53,0.013,1.291
1.83E-04,2.23E-04,95.965,0.013,1.283
2.35E-04,3.59E-04,86.635,0.0101,0.969
2.37E-04,3.63E-04,87.473,0.0101,0.965
1.88E-04,2.80E-04,94.466,0.013,1.007
1.89E-04,2.83E-04,95.553,0.013,1.002
2.29E-04,2.97E-04,88.245,0.0101,1.206
2.32E-04,3.01E-04,88.548,0.0101,1.199
1.82E-04,2.20E-04,95.522,0.013,1.291
1.83E-04,2.23E-04,95.958,0.013,1.283
2.35E-04,3.60E-04,86.662,0.0101,0.969
2.37E-04,3.64E-04,87.503,0.0101,0.964
1.88E-04,2.80E-04,94.506,0.013,1.006
1.89E-04,2.84E-04,95.598,0.013,1.001
2.29E-04,2.97E-04,88.239,0.0101,1.206
2.32E-04,3.02E-04,88.542,0.0101,1.198
1.82E-04,2.20E-04,95.515,0.013,1.29
1.84E-04,2.24E-04,95.951,0.013,1.282
2.35E-04,3.60E-04,86.689,0.0101,0.968
2.37E-04,3.64E-04,87.532,0.0101,0.964
1.88E-04,2.81E-04,94.546,0.013,1.005
1.89E-04,2.84E-04,95.642,0.013,1
2.30E-04,2.97E-04,88.233,0.0101,1.205
2.32E-04,3.02E-04,88.537,0.0101,1.198
1.82E-04,2.20E-04,95.507,0.013,1.29
1.84E-04,2.24E-04,95.944,0.013,1.281
2.35E-04,3.60E-04,86.716,0.0101,0.968
2.37E-04,3.64E-04,87.562,0.0101,0.963
1.88E-04,2.81E-04,94.587,0.013,1.005
1.89E-04,2.84E-04,95.687,0.013,0.999
2.30E-04,2.97E-04,88.227,0.0101,1.205
2.32E-04,3.02E-04,88.531,0.0101,1.197
1.82E-04,2.20E-04,95.5,0.013,1.289
1.84E-04,2.24E-04,95.937,0.013,1.281
2.35E-04,3.60E-04,86.743,0.0101,0.967
2.37E-04,3.64E-04,87.591,0.0101,0.963
1.88E-04,2.81E-04,94.627,0.013,1.004
1.89E-04,2.84E-04,95.732,0.013,0.999
2.30E-04,2.98E-04,88.221,0.0101,1.204
2.32E-04,3.02E-04,88.525,0.0101,1.197
1.82E-04,2.21E-04,95.492,0.013,1.289
1.84E-04,2.24E-04,95.931,0.013,1.28
2.35E-04,3.61E-04,86.77,0.0101,0.966
2.37E-04,3.65E-04,87.621,0.0101,0.962
1.88E-04,2.82E-04,94.668,0.013,1.003
1.90E-04,2.85E-04,95.778,0.013,0.998
2.30E-04,2.98E-04,88.215,0.0101,1.204
2.32E-04,3.02E-04,88.52,0.0101,1.196
1.82E-04,2.21E-04,95.485,0.013,1.288
1.84E-04,2.24E-04,95.924,0.013,1.28
2.35E-04,3.61E-04,86.798,0.0101,0.966
2.37E-04,3.65E-04,87.651,0.0101,0.962
1.88E-04,2.82E-04,94.709,0.013,1.003
1.90E-04,2.85E-04,95.823,0.013,0.997
2.30E-04,2.98E-04,88.209,0.0101,1.204
2.32E-04,3.03E-04,88.514,0.0101,1.196
1.82E-04,2.21E-04,95.477,0.013,1.288
1.84E-04,2.25E-04,95.918,0.013,1.279
2.35E-04,3.61E-04,86.826,0.0101,0.965
2.37E-04,3.65E-04,87.681,0.0101,0.961
1.88E-04,2.82E-04,94.75,0.013,1.002
1.90E-04,2.85E-04,95.869,0.013,0.996
2.30E-04,2.98E-04,88.204,0.0101,1.203
2.32E-04,3.03E-04,88.509,0.0101,1.196
1.82E-04,2.21E-04,95.47,0.013,1.287
1.84E-04,2.25E-04,95.911,0.013,1.279
2.36E-04,3.62E-04,86.853,0.0101,0.965
2.38E-04,3.66E-04,87.712,0.0101,0.96
1.88E-04,2.82E-04,94.792,0.013,1.001
1.90E-04,2.86E-04,95.915,0.013,0.995
2.30E-04,2.99E-04,88.198,0.0101,1.203
2.32E-04,3.03E-04,88.503,0.0101,1.195
1.82E-04,2.21E-04,95.463,0.013,1.287
1.84E-04,2.25E-04,95.905,0.013,1.278
2.36E-04,3.62E-04,86.881,0.0101,0.964
2.38E-04,3.66E-04,87.742,0.0101,0.96
1.88E-04,2.83E-04,94.833,0.013,1
1.90E-04,2.86E-04,95.962,0.013,0.995
2.30E-04,2.99E-04,88.192,0.0101,1.203
2.32E-04,3.03E-04,88.498,0.0101,1.195
1.83E-04,2.22E-04,95.456,0.013,1.286
1.84E-04,2.25E-04,95.899,0.013,1.278
2.36E-04,3.62E-04,86.91,0.0101,0.964
2.38E-04,3.66E-04,87.773,0.0101,0.959
1.89E-04,2.83E-04,94.875,0.013,1
1.90E-04,2.86E-04,96.008,0.013,0.994
2.30E-04,2.99E-04,88.187,0.0101,1.202
2.33E-04,3.04E-04,88.492,0.0101,1.194
1.83E-04,2.22E-04,95.449,0.013,1.286
1.84E-04,2.25E-04,95.893,0.013,1.277
2.36E-04,3.62E-04,86.938,0.0101,0.963
2.38E-04,3.67E-04,87.803,0.0101,0.959
1.89E-04,2.83E-04,94.918,0.013,0.999
1.90E-04,2.86E-04,96.055,0.013,0.993
2.30E-04,2.99E-04,88.181,0.0101,1.202
2.33E-04,3.04E-04,88.487,0.0101,1.194
1.83E-04,2.22E-04,95.442,0.013,1.285
1.84E-04,2.26E-04,95.887,0.013,1.276
2.36E-04,3.63E-04,86.966,0.0101,0.963
2.38E-04,3.67E-04,87.834,0.0101,0.958
1.89E-04,2.83E-04,94.96,0.013,0.998
1.90E-04,2.87E-04,96.102,0.013,0.992
2.31E-04,2.99E-04,88.176,0.0101,1.202
2.33E-04,3.04E-04,88.482,0.0101,1.194
1.83E-04,2.22E-04,95.435,0.013,1.285
1.84E-04,2.26E-04,95.881,0.013,1.276
2.36E-04,3.63E-04,86.995,0.0101,0.962
2.38E-04,3.67E-04,87.866,0.0101,0.958
1.89E-04,2.84E-04,95.003,0.013,0.998
1.90E-04,2.87E-04,96.15,0.013,0.992
2.31E-04,3.00E-04,88.17,0.0101,1.201
2.33E-04,3.04E-04,88.477,0.0101,1.193
1.83E-04,2.22E-04,95.428,0.013,1.284
1.85E-04,2.26E-04,95.875,0.013,1.275
2.36E-04,3.63E-04,87.024,0.0101,0.962
2.38E-04,3.68E-04,87.897,0.0101,0.957
1.89E-04,2.84E-04,95.046,0.013,0.997
1.90E-04,2.87E-04,96.197,0.013,0.991
2.31E-04,3.00E-04,88.165,0.0101,1.201
2.33E-04,3.04E-04,88.472,0.0101,1.193
1.83E-04,2.23E-04,95.421,0.013,1.284
1.85E-04,2.26E-04,95.869,0.013,1.275
2.36E-04,3.64E-04,87.052,0.0101,0.961
2.38E-04,3.68E-04,87.928,0.0101,0.957
1.89E-04,2.84E-04,95.089,0.013,0.996
1.90E-04,2.88E-04,96.245,0.013,0.99
2.31E-04,3.00E-04,88.159,0.0101,1.2
2.33E-04,3.05E-04,88.466,0.0101,1.192
1.83E-04,2.23E-04,95.414,0.013,1.283
1.85E-04,2.26E-04,95.864,0.013,1.274
2.36E-04,3.64E-04,87.081,0.0101,0.961
2.38E-04,3.68E-04,87.96,0.0101,0.956
1.89E-04,2.84E-04,95.132,0.013,0.995
1.91E-04,2.88E-04,96.293,0.013,0.989
2.31E-04,3.00E-04,88.154,0.0101,1.2
2.33E-04,3.05E-04,88.461,0.0101,1.192
1.83E-04,2.23E-04,95.408,0.013,1.283
1.85E-04,2.27E-04,95.858,0.013,1.274
2.37E-04,3.64E-04,87.111,0.0101,0.96
2.39E-04,3.68E-04,87.992,0.0101,0.955
1.89E-04,2.85E-04,95.176,0.013,0.995
1.91E-04,2.88E-04,96.341,0.013,0.989
2.31E-04,3.00E-04,88.149,0.0101,1.2
2.33E-04,3.05E-04,88.456,0.0101,1.192
1.83E-04,2.23E-04,95.401,0.013,1.282
1.85E-04,2.27E-04,95.852,0.013,1.273
2.37E-04,3.64E-04,87.14,0.0101,0.96
2.39E-04,3.69E-04,88.024,0.0101,0.955
1.89E-04,2.85E-04,95.22,0.013,0.994
1.91E-04,2.88E-04,96.39,0.013,0.988
2.31E-04,3.01E-04,88.143,0.0101,1.199
2.33E-04,3.05E-04,88.451,0.0101,1.191
1.83E-04,2.23E-04,95.394,0.013,1.282
1.85E-04,2.27E-04,95.847,0.013,1.273
2.37E-04,3.65E-04,87.169,0.0101,0.959
2.39E-04,3.69E-04,88.056,0.0101,0.954
1.89E-04,2.85E-04,95.264,0.013,0.993
1.91E-04,2.89E-04,96.439,0.013,0.987
2.31E-04,3.01E-04,88.138,0.0101,1.199
2.33E-04,3.06E-04,88.447,0.0101,1.191
1.83E-04,2.23E-04,95.388,0.013,1.281
1.85E-04,2.27E-04,95.842,0.013,1.272
2.37E-04,3.65E-04,87.199,0.0101,0.959
2.39E-04,3.69E-04,88.088,0.0101,0.954
1.89E-04,2.86E-04,95.309,0.013,0.993
1.91E-04,2.89E-04,96.488,0.013,0.986
2.31E-04,3.01E-04,88.133,0.0101,1.199
2.33E-04,3.06E-04,88.442,0.0101,1.19
1.83E-04,2.24E-04,95.381,0.013,1.281
1.85E-04,2.27E-04,95.837,0.013,1.272
2.37E-04,3.65E-04,87.228,0.0101,0.958
2.39E-04,3.70E-04,88.12,0.0101,0.953
1.90E-04,2.86E-04,95.353,0.013,0.992
1.91E-04,2.89E-04,96.537,0.013,0.986
2.31E-04,3.01E-04,88.128,0.0101,1.198
2.34E-04,3.06E-04,88.437,0.0101,1.19
1.84E-04,2.24E-04,95.375,0.013,1.28
1.85E-04,2.28E-04,95.831,0.013,1.271
2.37E-04,3.66E-04,87.258,0.0101,0.958
2.39E-04,3.70E-04,88.153,0.0101,0.953
1.90E-04,2.86E-04,95.398,0.013,0.991
1.91E-04,2.89E-04,96.586,0.013,0.985
2.31E-04,3.01E-04,88.122,0.0101,1.198
2.34E-04,3.06E-04,88.432,0.0101,1.189
1.84E-04,2.24E-04,95.369,0.013,1.28
1.85E-04,2.28E-04,95.826,0.013,1.27
2.37E-04,3.66E-04,87.289,0.0101,0.957
2.39E-04,3.70E-04,88.186,0.0101,0.952
1.90E-04,2.86E-04,95.443,0.013,0.991
1.91E-04,2.90E-04,96.636,0.013,0.984
2.32E-04,3.02E-04,88.117,0.0101,1.197
2.34E-04,3.06E-04,88.427,0.0101,1.189
1.84E-04,2.24E-04,95.362,0.013,1.279
1.85E-04,2.28E-04,95.821,0.013,1.27
2.37E-04,3.66E-04,87.319,0.0101,0.957
2.39E-04,3.70E-04,88.219,0.0101,0.951
1.90E-04,2.87E-04,95.488,0.013,0.99
1.91E-04,2.90E-04,96.686,0.013,0.983
2.32E-04,3.02E-04,88.112,0.0101,1.197
2.34E-04,3.07E-04,88.423,0.0101,1.189
1.84E-04,2.24E-04,95.356,0.013,1.279
1.85E-04,2.28E-04,95.817,0.013,1.269
2.37E-04,3.66E-04,87.349,0.0101,0.956
2.39E-04,3.71E-04,88.252,0.0101,0.951
1.90E-04,2.87E-04,95.534,0.013,0.989
1.91E-04,2.90E-04,96.736,0.013,0.983
2.32E-04,3.02E-04,88.107,0.0101,1.197
2.34E-04,3.07E-04,88.418,0.0101,1.188
1.84E-04,2.25E-04,95.35,0.013,1.278
1.85E-04,2.28E-04,95.812,0.013,1.269
2.37E-04,3.67E-04,87.38,0.0101,0.956
2.39E-04,3.71E-04,88.285,0.0101,0.95
1.90E-04,2.87E-04,95.579,0.013,0.988
1.91E-04,2.91E-04,96.787,0.013,0.982
2.32E-04,3.02E-04,88.102,0.0101,1.196
2.34E-04,3.07E-04,88.414,0.0101,1.188
1.84E-04,2.25E-04,95.344,0.013,1.278
1.86E-04,2.29E-04,95.807,0.013,1.268
2.38E-04,3.67E-04,87.411,0.0101,0.955
2.40E-04,3.71E-04,88.318,0.0101,0.95
1.90E-04,2.87E-04,95.625,0.013,0.988
1.92E-04,2.91E-04,96.838,0.013,0.981
2.32E-04,3.02E-04,88.097,0.0101,1.196
2.34E-04,3.07E-04,88.409,0.0101,1.187
1.84E-04,2.25E-04,95.338,0.013,1.277
1.86E-04,2.29E-04,95.803,0.013,1.268
2.38E-04,3.67E-04,87.441,0.0101,0.955
2.40E-04,3.72E-04,88.352,0.0101,0.949
1.90E-04,2.88E-04,95.671,0.013,0.987
1.92E-04,2.91E-04,96.889,0.013,0.98
2.32E-04,3.03E-04,88.092,0.0101,1.196
2.34E-04,3.08E-04,88.405,0.0101,1.187
1.84E-04,2.25E-04,95.332,0.013,1.277
1.86E-04,2.29E-04,95.798,0.013,1.267
2.38E-04,3.67E-04,87.472,0.0101,0.954
2.40E-04,3.72E-04,88.385,0.0101,0.949
1.90E-04,2.88E-04,95.717,0.013,0.986
1.92E-04,2.91E-04,96.94,0.013,0.98
2.32E-04,3.03E-04,88.087,0.0101,1.195
2.34E-04,3.08E-04,88.4,0.0101,1.187
1.84E-04,2.25E-04,95.326,0.013,1.276
1.86E-04,2.29E-04,95.794,0.013,1.267
2.38E-04,3.68E-04,87.503,0.0101,0.954
2.40E-04,3.72E-04,88.419,0.0101,0.948
1.90E-04,2.88E-04,95.764,0.013,0.986
1.92E-04,2.92E-04,96.991,0.013,0.979
2.32E-04,3.03E-04,88.082,0.0101,1.195
2.34E-04,3.08E-04,88.396,0.0101,1.186
1.84E-04,2.25E-04,95.32,0.013,1.276
1.86E-04,2.29E-04,95.789,0.013,1.266
2.38E-04,3.68E-04,87.535,0.0101,0.953
2.40E-04,3.72E-04,88.453,0.0101,0.948
1.90E-04,2.88E-04,95.811,0.013,0.985
1.92E-04,2.92E-04,97.043,0.013,0.978
2.32E-04,3.03E-04,88.077,0.0101,1.194
2.34E-04,3.08E-04,88.392,0.0101,1.186
1.84E-04,2.26E-04,95.314,0.013,1.275
1.86E-04,2.30E-04,95.785,0.013,1.266
2.38E-04,3.68E-04,87.566,0.0101,0.953
2.40E-04,3.73E-04,88.487,0.0101,0.947
1.90E-04,2.89E-04,95.858,0.013,0.984
1.92E-04,2.92E-04,97.095,0.013,0.978
2.32E-04,3.03E-04,88.073,0.0101,1.194
2.35E-04,3.08E-04,88.387,0.0101,1.185
1.84E-04,2.26E-04,95.308,0.013,1.275
1.86E-04,2.30E-04,95.781,0.013,1.265
2.38E-04,3.68E-04,87.598,0.0101,0.952
2.40E-04,3.73E-04,88.521,0.0101,0.947
1.90E-04,2.89E-04,95.905,0.013,0.984
1.92E-04,2.92E-04,97.147,0.013,0.977
2.32E-04,3.03E-04,88.068,0.0101,1.194
2.35E-04,3.09E-04,88.383,0.0101,1.185
1.84E-04,2.26E-04,95.302,0.013,1.274
1.86E-04,2.30E-04,95.777,0.013,1.264
2.38E-04,3.69E-04,87.629,0.0101,0.952
2.40E-04,3.73E-04,88.555,0.0101,0.946
1.91E-04,2.89E-04,95.952,0.013,0.983
1.92E-04,2.93E-04,97.2,0.013,0.976
2.32E-04,3.04E-04,88.063,0.0101,1.193
2.35E-04,3.09E-04,88.379,0.0101,1.185
1.84E-04,2.26E-04,95.296,0.013,1.274
1.86E-04,2.30E-04,95.773,0.013,1.264
2.38E-04,3.69E-04,87.661,0.0101,0.951
2.40E-04,3.74E-04,88.59,0.0101,0.945
1.91E-04,2.89E-04,96,0.013,0.982
1.92E-04,2.93E-04,97.253,0.013,0.975
2.32E-04,3.04E-04,88.058,0.0101,1.193
2.35E-04,3.09E-04,88.375,0.0101,1.184
1.85E-04,2.26E-04,95.291,0.013,1.273
1.86E-04,2.30E-04,95.769,0.013,1.263
2.38E-04,3.69E-04,87.693,0.0101,0.951
2.40E-04,3.74E-04,88.625,0.0101,0.945
1.91E-04,2.90E-04,96.048,0.013,0.982
1.92E-04,2.93E-04,97.306,0.013,0.975
2.33E-04,3.04E-04,88.054,0.0101,1.192
2.35E-04,3.09E-04,88.37,0.0101,1.184
1.85E-04,2.26E-04,95.285,0.013,1.273
1.86E-04,2.30E-04,95.765,0.013,1.263
2.38E-04,3.69E-04,87.725,0.0101,0.95
2.40E-04,3.74E-04,88.659,0.0101,0.944
1.91E-04,2.90E-04,96.096,0.013,0.981
1.92E-04,2.93E-04,97.359,0.013,0.974
2.33E-04,3.04E-04,88.049,0.0101,1.192
2.35E-04,3.09E-04,88.366,0.0101,1.183
1.85E-04,2.27E-04,95.279,0.013,1.273
1.86E-04,2.31E-04,95.762,0.013,1.262
2.39E-04,3.70E-04,87.757,0.0101,0.95
2.41E-04,3.74E-04,88.694,0.0101,0.944
1.91E-04,2.90E-04,96.144,0.013,0.98
1.92E-04,2.94E-04,97.412,0.013,0.973
2.33E-04,3.04E-04,88.044,0.0101,1.192
2.35E-04,3.10E-04,88.362,0.0101,1.183
1.85E-04,2.27E-04,95.274,0.013,1.272
1.86E-04,2.31E-04,95.758,0.013,1.262
2.39E-04,3.70E-04,87.79,0.0101,0.949
2.41E-04,3.75E-04,88.729,0.0101,0.943
1.91E-04,2.90E-04,96.192,0.013,0.98
1.92E-04,2.94E-04,97.466,0.013,0.972
2.33E-04,3.05E-04,88.039,0.0101,1.191
2.35E-04,3.10E-04,88.358,0.0101,1.182
1.85E-04,2.27E-04,95.268,0.013,1.272
1.87E-04,2.31E-04,95.755,0.013,1.261
2.39E-04,3.70E-04,87.822,0.0101,0.949
2.41E-04,3.75E-04,88.765,0.0101,0.943
1.91E-04,2.91E-04,96.241,0.013,0.979
1.93E-04,2.94E-04,97.52,0.013,0.972
2.33E-04,3.05E-04,88.035,0.0101,1.191
2.35E-04,3.10E-04,88.354,0.0101,1.182
1.85E-04,2.27E-04,95.263,0.013,1.271
1.87E-04,2.31E-04,95.751,0.013,1.261
2.39E-04,3.71E-04,87.855,0.0101,0.948
2.41E-04,3.75E-04,88.8,0.0101,0.942
1.91E-04,2.91E-04,96.289,0.013,0.978
1.93E-04,2.95E-04,97.575,0.013,0.971
2.33E-04,3.05E-04,88.03,0.0101,1.191
2.35E-04,3.10E-04,88.35,0.0101,1.182
1.85E-04,2.27E-04,95.258,0.013,1.271
1.87E-04,2.31E-04,95.748,0.013,1.26
2.39E-04,3.71E-04,87.887,0.0101,0.948
2.41E-04,3.75E-04,88.836,0.0101,0.942
1.91E-04,2.91E-04,96.338,0.013,0.978
1.93E-04,2.95E-04,97.629,0.013,0.97
2.33E-04,3.05E-04,88.026,0.0101,1.19
2.35E-04,3.10E-04,88.346,0.0101,1.181
1.85E-04,2.28E-04,95.252,0.013,1.27
1.87E-04,2.32E-04,95.744,0.013,1.26
2.39E-04,3.71E-04,87.92,0.0101,0.947
2.41E-04,3.76E-04,88.872,0.0101,0.941
1.91E-04,2.91E-04,96.388,0.013,0.977
1.93E-04,2.95E-04,97.684,0.013,0.969
2.33E-04,3.05E-04,88.021,0.0101,1.19
2.35E-04,3.11E-04,88.343,0.0101,1.181
1.85E-04,2.28E-04,95.247,0.013,1.27
1.87E-04,2.32E-04,95.741,0.013,1.259
2.39E-04,3.71E-04,87.953,0.0101,0.947
2.41E-04,3.76E-04,88.908,0.0101,0.941
1.91E-04,2.92E-04,96.437,0.013,0.976
1.93E-04,2.95E-04,97.739,0.013,0.969
2.33E-04,3.06E-04,88.017,0.0101,1.189
2.36E-04,3.11E-04,88.339,0.0101,1.18
1.85E-04,2.28E-04,95.242,0.013,1.269
1.87E-04,2.32E-04,95.738,0.013,1.258
2.39E-04,3.72E-04,87.986,0.0101,0.946
2.41E-04,3.76E-04,88.944,0.0101,0.94
1.91E-04,2.92E-04,96.486,0.013,0.975
1.93E-04,2.96E-04,97.794,0.013,0.968
2.33E-04,3.06E-04,88.012,0.0101,1.189
2.36E-04,3.11E-04,88.335,0.0101,1.18
1.85E-04,2.28E-04,95.237,0.013,1.269
1.87E-04,2.32E-04,95.735,0.013,1.258
2.39E-04,3.72E-04,88.02,0.0101,0.946
2.41E-04,3.77E-04,88.98,0.0101,0.939
1.91E-04,2.92E-04,96.536,0.013,0.975
1.93E-04,2.96E-04,97.85,0.013,0.967
2.33E-04,3.06E-04,88.008,0.0101,1.189
2.36E-04,3.11E-04,88.331,0.0101,1.18
1.85E-04,2.28E-04,95.232,0.013,1.268
1.87E-04,2.32E-04,95.732,0.013,1.257
2.39E-04,3.72E-04,88.053,0.0101,0.945
2.41E-04,3.77E-04,89.016,0.0101,0.939
1.92E-04,2.92E-04,96.586,0.013,0.974
1.93E-04,2.96E-04,97.906,0.013,0.966
2.33E-04,3.06E-04,88.003,0.0101,1.188
2.36E-04,3.11E-04,88.327,0.0101,1.179
1.85E-04,2.28E-04,95.227,0.013,1.268
1.87E-04,2.33E-04,95.729,0.013,1.257
2.39E-04,3.72E-04,88.086,0.0101,0.945
2.41E-04,3.77E-04,89.053,0.0101,0.938
1.92E-04,2.92E-04,96.636,0.013,0.973
1.93E-04,2.96E-04,97.962,0.013,0.966
2.34E-04,3.06E-04,88.061,0.0101,1.189
2.36E-04,3.12E-04,88.324,0.0101,1.179
1.85E-04,2.29E-04,95.222,0.013,1.267
1.87E-04,2.33E-04,95.726,0.013,1.256
2.39E-04,3.73E-04,88.12,0.0101,0.944
2.42E-04,3.77E-04,89.09,0.0101,0.938
1.92E-04,2.93E-04,96.686,0.013,0.973
1.93E-04,2.97E-04,98.018,0.013,0.965
2.34E-04,3.06E-04,87.995,0.0101,1.188
2.36E-04,3.12E-04,88.32,0.0101,1.178
1.85E-04,2.29E-04,95.217,0.013,1.267
1.87E-04,2.33E-04,95.724,0.013,1.256
2.40E-04,3.73E-04,88.154,0.0101,0.944
2.42E-04,3.78E-04,89.127,0.0101,0.937
1.92E-04,2.93E-04,96.737,0.013,0.972
1.93E-04,2.97E-04,98.074,0.013,0.964
2.34E-04,3.07E-04,87.99,0.0101,1.187
2.36E-04,3.12E-04,88.316,0.0101,1.178
1.85E-04,2.29E-04,95.212,0.013,1.266
1.87E-04,2.33E-04,95.721,0.013,1.255
2.40E-04,3.73E-04,88.187,0.0101,0.943
2.42E-04,3.78E-04,89.164,0.0101,0.937
1.92E-04,2.93E-04,96.788,0.013,0.971
1.93E-04,2.97E-04,98.131,0.013,0.964
2.34E-04,3.07E-04,87.986,0.0101,1.187
2.36E-04,3.12E-04,88.313,0.0101,1.178
1.86E-04,2.29E-04,95.207,0.013,1.266
1.87E-04,2.33E-04,95.718,0.013,1.255
2.40E-04,3.73E-04,88.221,0.0101,0.943
2.42E-04,3.78E-04,89.201,0.0101,0.936
1.92E-04,2.93E-04,96.839,0.013,0.971
1.93E-04,2.97E-04,98.188,0.013,0.963
2.34E-04,3.07E-04,87.982,0.0101,1.186
2.36E-04,3.12E-04,88.309,0.0101,1.177
1.86E-04,2.29E-04,95.203,0.013,1.265
1.87E-04,2.33E-04,95.716,0.013,1.254
2.40E-04,3.74E-04,88.256,0.0101,0.942
2.42E-04,3.78E-04,89.238,0.0101,0.936
1.92E-04,2.94E-04,96.89,0.013,0.97
1.94E-04,2.98E-04,98.246,0.013,0.962
2.34E-04,3.07E-04,87.978,0.0101,1.186
2.36E-04,3.13E-04,88.306,0.0101,1.177
1.86E-04,2.29E-04,95.198,0.013,1.265
1.87E-04,2.34E-04,95.713,0.013,1.254
2.40E-04,3.74E-04,88.29,0.0101,0.942
2.42E-04,3.79E-04,89.276,0.0101,0.935
1.92E-04,2.94E-04,96.941,0.013,0.969
1.94E-04,2.98E-04,98.303,0.013,0.961
2.34E-04,3.07E-04,87.974,0.0101,1.186
2.36E-04,3.13E-04,88.302,0.0101,1.176
1.86E-04,2.30E-04,95.193,0.013,1.264
1.88E-04,2.34E-04,95.711,0.013,1.253
2.40E-04,3.74E-04,88.324,0.0101,0.941
2.42E-04,3.79E-04,89.313,0.0101,0.934
1.92E-04,2.94E-04,96.992,0.013,0.969
1.94E-04,2.98E-04,98.361,0.013,0.961
2.34E-04,3.08E-04,87.969,0.0101,1.185
2.36E-04,3.13E-04,88.299,0.0101,1.176
1.86E-04,2.30E-04,95.205,0.013,1.263
1.88E-04,2.34E-04,95.709,0.013,1.253
2.40E-04,3.74E-04,88.359,0.0101,0.941
2.42E-04,3.79E-04,89.351,0.0101,0.934
1.92E-04,2.94E-04,97.044,0.013,0.968
1.94E-04,2.98E-04,98.419,0.013,0.96
2.34E-04,3.08E-04,87.965,0.0101,1.185
2.37E-04,3.13E-04,88.295,0.0101,1.176
1.86E-04,2.30E-04,95.201,0.013,1.263
1.88E-04,2.34E-04,95.706,0.013,1.252
2.40E-04,3.75E-04,88.393,0.0101,0.94
2.42E-04,3.79E-04,89.389,0.0101,0.933
1.92E-04,2.95E-04,97.096,0.013,0.967
1.94E-04,2.99E-04,98.478,0.013,0.959
2.34E-04,3.08E-04,87.961,0.0101,1.185
2.37E-04,3.13E-04,88.292,0.0101,1.175
1.86E-04,2.30E-04,95.196,0.013,1.262
1.88E-04,2.34E-04,95.704,0.013,1.252
2.40E-04,3.75E-04,88.428,0.0101,0.94
2.42E-04,3.80E-04,89.427,0.0101,0.933
1.92E-04,2.95E-04,97.148,0.013,0.967
1.94E-04,2.99E-04,98.536,0.013,0.959
2.34E-04,3.08E-04,87.957,0.0101,1.184
2.37E-04,3.14E-04,88.288,0.0101,1.175
1.86E-04,2.30E-04,95.192,0.013,1.262
1.88E-04,2.35E-04,95.702,0.013,1.251
2.40E-04,3.75E-04,88.463,0.0101,0.939
2.42E-04,3.80E-04,89.466,0.0101,0.932
1.92E-04,2.95E-04,97.2,0.013,0.966
1.94E-04,2.99E-04,98.595,0.013,0.958
2.34E-04,3.08E-04,87.953,0.0101,1.184
2.37E-04,3.14E-04,88.285,0.0101,1.174
1.86E-04,2.30E-04,95.188,0.013,1.261
1.88E-04,2.35E-04,95.7,0.013,1.25
2.40E-04,3.75E-04,88.498,0.0101,0.939
2.43E-04,3.80E-04,89.504,0.0101,0.932
1.92E-04,2.95E-04,97.253,0.013,0.965
1.94E-04,2.99E-04,98.654,0.013,0.957
2.34E-04,3.08E-04,87.949,0.0101,1.183
2.37E-04,3.14E-04,88.281,0.0101,1.174
1.86E-04,2.31E-04,95.184,0.013,1.261
1.88E-04,2.35E-04,95.698,0.013,1.25
2.40E-04,3.75E-04,88.558,0.0101,0.938
2.43E-04,3.81E-04,89.543,0.0101,0.931
1.93E-04,2.96E-04,97.305,0.013,0.965
1.94E-04,3.00E-04,98.714,0.013,0.956
2.34E-04,3.09E-04,87.946,0.0101,1.183
2.37E-04,3.14E-04,88.278,0.0101,1.174
1.86E-04,2.31E-04,95.18,0.013,1.26
1.88E-04,2.35E-04,95.696,0.013,1.249
2.40E-04,3.76E-04,88.593,0.0101,0.937
2.43E-04,3.81E-04,89.582,0.0101,0.931
1.93E-04,2.96E-04,97.358,0.013,0.964
1.94E-04,3.00E-04,98.773,0.013,0.956
2.34E-04,3.09E-04,87.942,0.0101,1.183
2.37E-04,3.14E-04,88.275,0.0101,1.173
1.86E-04,2.31E-04,95.176,0.013,1.26
1.88E-04,2.35E-04,95.694,0.013,1.249
2.41E-04,3.76E-04,88.629,0.0101,0.937
2.43E-04,3.81E-04,89.621,0.0101,0.93
1.93E-04,2.96E-04,97.428,0.013,0.963
1.94E-04,3.00E-04,98.833,0.013,0.955
2.35E-04,3.09E-04,87.938,0.0101,1.182
2.37E-04,3.15E-04,88.272,0.0101,1.173
1.86E-04,2.31E-04,95.172,0.013,1.259
1.88E-04,2.35E-04,95.693,0.013,1.248
2.41E-04,3.76E-04,88.665,0.0101,0.936
2.43E-04,3.81E-04,89.66,0.0101,0.93
1.93E-04,2.96E-04,97.482,0.013,0.962
1.94E-04,3.00E-04,98.893,0.013,0.954
2.35E-04,3.09E-04,87.934,0.0101,1.182
2.37E-04,3.15E-04,88.268,0.0101,1.172
1.86E-04,2.31E-04,95.168,0.013,1.259
1.88E-04,2.36E-04,95.691,0.013,1.248
2.41E-04,3.76E-04,88.701,0.0101,0.936
2.43E-04,3.82E-04,89.699,0.0101,0.929
1.93E-04,2.96E-04,97.536,0.013,0.962
1.94E-04,3.01E-04,98.954,0.013,0.953
2.35E-04,3.09E-04,87.931,0.0101,1.182
2.37E-04,3.15E-04,88.265,0.0101,1.172
1.86E-04,2.31E-04,95.148,0.013,1.259
1.88E-04,2.36E-04,95.689,0.013,1.247
2.41E-04,3.77E-04,88.737,0.0101,0.935
2.43E-04,3.82E-04,89.738,0.0101,0.928
1.93E-04,2.97E-04,97.59,0.013,0.961
1.94E-04,3.01E-04,99.014,0.013,0.953
2.35E-04,3.10E-04,87.927,0.0101,1.181
2.37E-04,3.15E-04,88.262,0.0101,1.172
1.86E-04,2.32E-04,95.145,0.013,1.258
1.88E-04,2.36E-04,95.688,0.013,1.247
2.41E-04,3.77E-04,88.627,0.0101,0.936
2.43E-04,3.82E-04,89.778,0.0101,0.928
1.93E-04,2.97E-04,97.644,0.013,0.96
1.94E-04,3.01E-04,99.075,0.013,0.952
2.35E-04,3.10E-04,87.923,0.0101,1.181
2.37E-04,3.15E-04,88.259,0.0101,1.171
1.87E-04,2.32E-04,95.141,0.013,1.258
1.88E-04,2.36E-04,95.686,0.013,1.246
2.41E-04,3.77E-04,88.663,0.0101,0.935
2.43E-04,3.82E-04,89.817,0.0101,0.927
1.93E-04,2.97E-04,97.699,0.013,0.96
1.95E-04,3.01E-04,99.136,0.013,0.951
2.35E-04,3.10E-04,87.92,0.0101,1.18
2.37E-04,3.16E-04,88.256,0.0101,1.171
1.87E-04,2.32E-04,95.138,0.013,1.257
1.88E-04,2.36E-04,95.686,0.013,1.246
2.41E-04,3.77E-04,88.7,0.0101,0.934
2.43E-04,3.83E-04,89.857,0.0101,0.927
1.93E-04,2.97E-04,97.754,0.013,0.959
1.95E-04,3.02E-04,99.198,0.013,0.951
2.35E-04,3.10E-04,87.916,0.0101,1.18
2.37E-04,3.16E-04,88.253,0.0101,1.17
1.87E-04,2.32E-04,95.134,0.013,1.257
1.89E-04,2.37E-04,95.686,0.013,1.245
2.41E-04,3.78E-04,88.883,0.0101,0.933
2.43E-04,3.83E-04,89.897,0.0101,0.926
1.93E-04,2.98E-04,97.809,0.013,0.958
1.95E-04,3.02E-04,99.259,0.013,0.95
2.35E-04,3.10E-04,87.913,0.0101,1.18
2.38E-04,3.16E-04,88.25,0.0101,1.17
1.87E-04,2.32E-04,95.131,0.013,1.256
1.89E-04,2.37E-04,95.686,0.013,1.245
2.41E-04,3.78E-04,88.766,0.0101,0.934
2.43E-04,3.83E-04,89.937,0.0101,0.926
1.93E-04,2.98E-04,97.864,0.013,0.958
1.95E-04,3.02E-04,99.321,0.013,0.949
2.35E-04,3.10E-04,87.91,0.0101,1.179
2.38E-04,3.16E-04,88.247,0.0101,1.17
1.87E-04,2.32E-04,95.128,0.013,1.256
1.89E-04,2.37E-04,95.686,0.013,1.244
2.41E-04,3.78E-04,88.928,0.0101,0.933
2.43E-04,3.83E-04,89.977,0.0101,0.925
1.93E-04,2.98E-04,97.92,0.013,0.957
1.95E-04,3.02E-04,99.383,0.013,0.948
2.35E-04,3.11E-04,87.906,0.0101,1.179
2.38E-04,3.16E-04,88.244,0.0101,1.169
1.87E-04,2.33E-04,95.125,0.013,1.255
1.89E-04,2.37E-04,95.686,0.013,1.244
2.41E-04,3.78E-04,88.964,0.0101,0.932
2.44E-04,3.84E-04,90.018,0.0101,0.925
1.93E-04,2.98E-04,97.975,0.013,0.957
1.95E-04,3.03E-04,99.446,0.013,0.948
2.35E-04,3.11E-04,87.903,0.0101,1.178
2.38E-04,3.17E-04,88.241,0.0101,1.169
1.87E-04,2.33E-04,95.122,0.013,1.255
1.89E-04,2.37E-04,95.686,0.013,1.243
2.41E-04,3.79E-04,89.001,0.0101,0.931
2.44E-04,3.84E-04,90.059,0.0101,0.924
1.93E-04,2.99E-04,98.031,0.013,0.956
1.95E-04,3.03E-04,99.508,0.013,0.947
2.35E-04,3.11E-04,87.9,0.0101,1.178
2.38E-04,3.17E-04,88.238,0.0101,1.168
1.87E-04,2.33E-04,95.119,0.013,1.254
1.89E-04,2.37E-04,95.686,0.013,1.243
2.41E-04,3.79E-04,89.038,0.0101,0.931
2.44E-04,3.84E-04,90.099,0.0101,0.924
1.93E-04,2.99E-04,98.087,0.013,0.955
1.95E-04,3.03E-04,99.571,0.013,0.946
2.35E-04,3.11E-04,87.897,0.0101,1.178
2.38E-04,3.17E-04,88.235,0.0101,1.168
1.87E-04,2.33E-04,95.116,0.013,1.254
1.89E-04,2.38E-04,95.686,0.013,1.242
2.42E-04,3.79E-04,89.075,0.0101,0.93
2.44E-04,3.84E-04,90.189,0.0101,0.923
1.93E-04,2.99E-04,98.12,0.013,0.955
1.95E-04,3.03E-04,99.635,0.013,0.945
2.35E-04,3.11E-04,87.894,0.0101,1.177
2.38E-04,3.17E-04,88.232,0.0101,1.168
1.87E-04,2.33E-04,95.113,0.013,1.253
1.89E-04,2.38E-04,95.686,0.013,1.241
2.42E-04,3.79E-04,89.112,0.0101,0.93
2.44E-04,3.85E-04,90.181,0.0101,0.923
1.94E-04,2.99E-04,98.176,0.013,0.954
1.95E-04,3.03E-04,99.698,0.013,0.945
2.35E-04,3.12E-04,87.891,0.0101,1.177
2.38E-04,3.17E-04,88.23,0.0101,1.167
1.87E-04,2.33E-04,95.11,0.013,1.253
1.89E-04,2.38E-04,95.687,0.013,1.241
2.42E-04,3.80E-04,89.15,0.0101,0.929
2.44E-04,3.85E-04,90.223,0.0101,0.922
1.94E-04,2.99E-04,98.233,0.013,0.953
1.95E-04,3.04E-04,99.762,0.013,0.944
2.36E-04,3.12E-04,87.888,0.0101,1.177
2.38E-04,3.17E-04,88.227,0.0101,1.167
1.87E-04,2.34E-04,95.108,0.013,1.252
1.89E-04,2.38E-04,95.687,0.013,1.24
2.42E-04,3.80E-04,89.187,0.0101,0.929
2.44E-04,3.85E-04,90.264,0.0101,0.921
1.94E-04,3.00E-04,98.289,0.013,0.953
1.95E-04,3.04E-04,99.826,0.013,0.943
2.36E-04,3.12E-04,87.885,0.0101,1.176
2.38E-04,3.18E-04,88.224,0.0101,1.166
1.87E-04,2.34E-04,95.105,0.013,1.252
1.89E-04,2.38E-04,95.687,0.013,1.24
2.42E-04,3.80E-04,89.225,0.0101,0.928
2.44E-04,3.85E-04,90.305,0.0101,0.921
1.94E-04,3.00E-04,98.346,0.013,0.952
1.95E-04,3.04E-04,99.89,0.013,0.943
2.36E-04,3.12E-04,87.882,0.0101,1.176
2.38E-04,3.18E-04,88.222,0.0101,1.166
1.87E-04,2.34E-04,95.103,0.013,1.251
1.89E-04,2.39E-04,95.688,0.013,1.239
2.42E-04,3.80E-04,89.263,0.0101,0.928
2.44E-04,3.86E-04,90.347,0.0101,0.92
1.94E-04,3.00E-04,98.403,0.013,0.951
1.95E-04,3.04E-04,99.954,0.013,0.942
2.36E-04,3.12E-04,87.879,0.0101,1.176
2.38E-04,3.18E-04,88.219,0.0101,1.166
1.87E-04,2.34E-04,95.101,0.013,1.251
1.89E-04,2.39E-04,95.688,0.013,1.239
2.42E-04,3.80E-04,89.301,0.0101,0.927
2.44E-04,3.86E-04,90.389,0.0101,0.92
1.94E-04,3.00E-04,98.46,0.013,0.951
1.95E-04,3.05E-04,100.019,0.013,0.941
2.36E-04,3.12E-04,87.876,0.0101,1.175
2.38E-04,3.18E-04,88.217,0.0101,1.165
1.87E-04,2.34E-04,95.099,0.013,1.25
1.89E-04,2.39E-04,95.689,0.013,1.238
2.42E-04,3.81E-04,89.339,0.0101,0.927
2.44E-04,3.86E-04,90.431,0.0101,0.919
1.94E-04,3.01E-04,98.517,0.013,0.95
1.96E-04,3.05E-04,100.084,0.013,0.94
2.36E-04,3.13E-04,87.874,0.0101,1.175
2.38E-04,3.18E-04,88.214,0.0101,1.165
1.87E-04,2.34E-04,95.096,0.013,1.25
1.89E-04,2.39E-04,95.689,0.013,1.238
2.42E-04,3.81E-04,89.377,0.0101,0.926
2.44E-04,3.86E-04,90.473,0.0101,0.919
1.94E-04,3.01E-04,98.575,0.013,0.949
1.96E-04,3.05E-04,100.149,0.013,0.94
2.36E-04,3.13E-04,87.871,0.0101,1.174
2.39E-04,3.19E-04,88.212,0.0101,1.164
1.88E-04,2.34E-04,95.094,0.013,1.249
1.89E-04,2.39E-04,95.69,0.013,1.237
2.42E-04,3.81E-04,89.416,0.0101,0.926
2.44E-04,3.87E-04,90.515,0.0101,0.918
1.94E-04,3.01E-04,98.633,0.013,0.949
1.96E-04,3.05E-04,100.214,0.013,0.939
2.36E-04,3.13E-04,87.868,0.0101,1.174
2.39E-04,3.19E-04,88.209,0.0101,1.164
1.88E-04,2.35E-04,95.092,0.013,1.249
1.89E-04,2.39E-04,95.691,0.013,1.237
2.42E-04,3.81E-04,89.454,0.0101,0.925
2.45E-04,3.87E-04,90.558,0.0101,0.918
1.94E-04,3.01E-04,98.691,0.013,0.948
1.96E-04,3.06E-04,100.28,0.013,0.938
2.36E-04,3.13E-04,87.866,0.0101,1.174
2.39E-04,3.19E-04,88.207,0.0101,1.164
1.88E-04,2.35E-04,95.091,0.013,1.248
1.90E-04,2.40E-04,95.691,0.013,1.236
2.42E-04,3.82E-04,89.493,0.0101,0.925
2.45E-04,3.87E-04,90.6,0.0101,0.917
1.94E-04,3.01E-04,98.75,0.013,0.947
1.96E-04,3.06E-04,100.346,0.013,0.938
2.36E-04,3.13E-04,87.863,0.0101,1.173
2.39E-04,3.19E-04,88.205,0.0101,1.163
1.88E-04,2.35E-04,95.089,0.013,1.248
1.90E-04,2.40E-04,95.692,0.013,1.236
2.42E-04,3.82E-04,89.532,0.0101,0.924
2.45E-04,3.87E-04,90.643,0.0101,0.917
1.94E-04,3.02E-04,98.808,0.013,0.947
1.96E-04,3.06E-04,100.412,0.013,0.937
2.36E-04,3.13E-04,87.861,0.0101,1.173
2.39E-04,3.19E-04,88.203,0.0101,1.163
1.88E-04,2.35E-04,95.087,0.013,1.247
1.90E-04,2.40E-04,95.693,0.013,1.235
2.42E-04,3.82E-04,89.571,0.0101,0.924
2.45E-04,3.88E-04,90.686,0.0101,0.916
1.94E-04,3.02E-04,98.867,0.013,0.946
1.96E-04,3.06E-04,100.479,0.013,0.936
2.36E-04,3.14E-04,87.858,0.0101,1.173
2.39E-04,3.19E-04,88.201,0.0101,1.162
1.88E-04,2.35E-04,95.086,0.013,1.247
1.90E-04,2.40E-04,95.694,0.013,1.235
2.42E-04,3.82E-04,89.611,0.0101,0.923
2.45E-04,3.88E-04,90.729,0.0101,0.916
1.94E-04,3.02E-04,98.926,0.013,0.945
1.96E-04,3.07E-04,100.545,0.013,0.935
2.36E-04,3.14E-04,87.856,0.0101,1.172
2.39E-04,3.20E-04,88.199,0.0101,1.162
1.88E-04,2.35E-04,95.084,0.013,1.246
1.90E-04,2.40E-04,95.695,0.013,1.234
2.43E-04,3.83E-04,89.65,0.0101,0.923
2.45E-04,3.88E-04,90.772,0.0101,0.915
1.94E-04,3.02E-04,98.986,0.013,0.945
1.96E-04,3.07E-04,100.612,0.013,0.935
2.36E-04,3.14E-04,87.854,0.0101,1.172
2.39E-04,3.20E-04,88.197,0.0101,1.162
1.88E-04,2.36E-04,95.083,0.013,1.246
1.90E-04,2.40E-04,95.696,0.013,1.234
2.43E-04,3.83E-04,89.69,0.0101,0.922
2.45E-04,3.88E-04,90.815,0.0101,0.915
1.94E-04,3.03E-04,99.046,0.013,0.944
1.96E-04,3.07E-04,100.679,0.013,0.934
2.36E-04,3.14E-04,87.852,0.0101,1.171
2.39E-04,3.20E-04,88.195,0.0101,1.161
1.88E-04,2.36E-04,95.083,0.013,1.245
1.90E-04,2.41E-04,95.697,0.013,1.233
2.43E-04,3.83E-04,89.73,0.0101,0.922
2.45E-04,3.89E-04,90.859,0.0101,0.914
1.94E-04,3.03E-04,99.105,0.013,0.943
1.96E-04,3.07E-04,100.746,0.013,0.933
2.36E-04,3.14E-04,87.85,0.0101,1.171
2.39E-04,3.20E-04,88.194,0.0101,1.161
1.88E-04,2.36E-04,95.083,0.013,1.245
1.90E-04,2.41E-04,95.698,0.013,1.233
2.43E-04,3.83E-04,89.77,0.0101,0.921
2.45E-04,3.89E-04,90.902,0.0101,0.913
1.95E-04,3.03E-04,98.988,0.013,0.943
1.96E-04,3.07E-04,100.814,0.013,0.933
2.37E-04,3.14E-04,87.847,0.0101,1.171
2.39E-04,3.20E-04,88.192,0.0101,1.16
1.88E-04,2.36E-04,95.083,0.013,1.245
1.90E-04,2.41E-04,95.699,0.013,1.232
2.43E-04,3.83E-04,89.81,0.0101,0.921
2.45E-04,3.89E-04,90.946,0.0101,0.913
1.95E-04,3.03E-04,99.049,0.013,0.943
1.96E-04,3.08E-04,100.882,0.013,0.932
2.37E-04,3.15E-04,87.845,0.0101,1.17
2.39E-04,3.21E-04,88.19,0.0101,1.16
1.88E-04,2.36E-04,95.083,0.013,1.244
1.90E-04,2.41E-04,95.7,0.013,1.231
2.43E-04,3.84E-04,89.85,0.0101,0.92
2.45E-04,3.89E-04,90.99,0.0101,0.912
1.95E-04,3.03E-04,99.287,0.013,0.941
1.96E-04,3.08E-04,100.95,0.013,0.931
2.37E-04,3.15E-04,87.843,0.0101,1.17
2.39E-04,3.21E-04,88.189,0.0101,1.16
1.88E-04,2.36E-04,95.083,0.013,1.244
1.90E-04,2.41E-04,95.701,0.013,1.231
2.43E-04,3.84E-04,89.933,0.0101,0.92
2.45E-04,3.90E-04,91.034,0.0101,0.912
1.95E-04,3.04E-04,99.348,0.013,0.941
1.96E-04,3.08E-04,101.018,0.013,0.931
2.37E-04,3.15E-04,87.842,0.0101,1.17
2.39E-04,3.21E-04,88.187,0.0101,1.159
1.88E-04,2.37E-04,95.083,0.013,1.243
1.90E-04,2.41E-04,95.702,0.013,1.23
2.43E-04,3.84E-04,89.975,0.0101,0.919
2.45E-04,3.90E-04,91.078,0.0101,0.911
1.95E-04,3.04E-04,99.409,0.013,0.94
1.96E-04,3.08E-04,101.087,0.013,0.93
2.37E-04,3.15E-04,87.84,0.0101,1.169
2.39E-04,3.21E-04,88.186,0.0101,1.159
1.88E-04,2.37E-04,95.084,0.013,1.243
1.90E-04,2.42E-04,95.704,0.013,1.23
2.43E-04,3.84E-04,90.016,0.0101,0.919
2.45E-04,3.90E-04,91.122,0.0101,0.911
1.95E-04,3.04E-04,99.471,0.013,0.939
1.97E-04,3.09E-04,101.156,0.013,0.929
2.37E-04,3.15E-04,87.838,0.0101,1.169
2.40E-04,3.21E-04,88.185,0.0101,1.158
1.88E-04,2.37E-04,95.084,0.013,1.242
1.90E-04,2.42E-04,95.705,0.013,1.229
2.43E-04,3.85E-04,90.058,0.0101,0.918
2.45E-04,3.90E-04,91.166,0.0101,0.91
1.95E-04,3.04E-04,99.533,0.013,0.939
1.97E-04,3.09E-04,101.225,0.013,0.929
2.37E-04,3.15E-04,87.836,0.0101,1.168
2.40E-04,3.21E-04,88.184,0.0101,1.158
1.88E-04,2.37E-04,95.084,0.013,1.242
1.90E-04,2.42E-04,95.717,0.013,1.229
2.43E-04,3.85E-04,90.1,0.0101,0.918
2.46E-04,3.90E-04,91.211,0.0101,0.91
1.95E-04,3.04E-04,99.595,0.013,0.938
1.97E-04,3.09E-04,101.294,0.013,0.928
2.37E-04,3.16E-04,87.834,0.0101,1.168
2.40E-04,3.22E-04,88.183,0.0101,1.158
1.88E-04,2.37E-04,95.085,0.013,1.241
1.90E-04,2.42E-04,95.718,0.013,1.229
2.43E-04,3.85E-04,90.142,0.0101,0.917
2.46E-04,3.91E-04,91.256,0.0101,0.909
1.95E-04,3.05E-04,99.657,0.013,0.937
1.97E-04,3.09E-04,101.364,0.013,0.927
2.37E-04,3.16E-04,87.833,0.0101,1.168
2.40E-04,3.22E-04,88.182,0.0101,1.157
1.88E-04,2.37E-04,95.086,0.013,1.241
1.91E-04,2.42E-04,95.72,0.013,1.228
2.43E-04,3.85E-04,90.185,0.0101,0.917
2.46E-04,3.91E-04,91.332,0.0101,0.909
1.95E-04,3.05E-04,99.72,0.013,0.937
1.97E-04,3.10E-04,101.434,0.013,0.926
2.37E-04,3.16E-04,87.831,0.0101,1.167
2.40E-04,3.22E-04,88.181,0.0101,1.157
1.89E-04,2.38E-04,95.086,0.013,1.24
1.91E-04,2.42E-04,95.721,0.013,1.228
2.43E-04,3.85E-04,90.227,0.0101,0.916
2.46E-04,3.91E-04,91.346,0.0101,0.908
1.95E-04,3.05E-04,99.782,0.013,0.936
1.97E-04,3.10E-04,101.504,0.013,0.926
2.37E-04,3.16E-04,87.829,0.0101,1.167
2.40E-04,3.22E-04,88.18,0.0101,1.157
1.89E-04,2.38E-04,95.087,0.013,1.24
1.91E-04,2.43E-04,95.723,0.013,1.227
2.43E-04,3.86E-04,90.27,0.0101,0.916
2.46E-04,3.91E-04,91.391,0.0101,0.908
1.95E-04,3.05E-04,99.886,0.013,0.935
1.97E-04,3.10E-04,101.574,0.013,0.925
2.37E-04,3.16E-04,87.828,0.0101,1.167
2.40E-04,3.22E-04,88.179,0.0101,1.156
1.89E-04,2.38E-04,95.088,0.013,1.239
1.91E-04,2.43E-04,95.724,0.013,1.227
2.43E-04,3.86E-04,90.313,0.0101,0.915
2.46E-04,3.92E-04,91.436,0.0101,0.907
1.95E-04,3.06E-04,99.95,0.013,0.934
1.97E-04,3.10E-04,101.645,0.013,0.924
2.37E-04,3.16E-04,87.826,0.0101,1.166
2.40E-04,3.23E-04,88.178,0.0101,1.156
1.89E-04,2.38E-04,95.089,0.013,1.239
1.91E-04,2.43E-04,95.725,0.013,1.226
2.44E-04,3.86E-04,90.356,0.0101,0.915
2.46E-04,3.92E-04,91.481,0.0101,0.907
1.95E-04,3.06E-04,99.578,0.013,0.935
1.97E-04,3.10E-04,101.716,0.013,0.924
2.37E-04,3.17E-04,87.825,0.0101,1.166
2.40E-04,3.23E-04,88.178,0.0101,1.155
1.89E-04,2.38E-04,95.09,0.013,1.238
1.91E-04,2.43E-04,95.727,0.013,1.226
2.44E-04,3.86E-04,90.399,0.0101,0.914
2.46E-04,3.92E-04,91.527,0.0101,0.906
1.95E-04,3.06E-04,100.079,0.013,0.933
1.97E-04,3.11E-04,101.787,0.013,0.923
2.37E-04,3.17E-04,87.824,0.0101,1.165
2.40E-04,3.23E-04,88.177,0.0101,1.155
1.89E-04,2.38E-04,95.091,0.013,1.238
1.91E-04,2.43E-04,95.729,0.013,1.225
2.44E-04,3.87E-04,90.443,0.0101,0.914
2.46E-04,3.92E-04,91.572,0.0101,0.906
1.95E-04,3.06E-04,100.144,0.013,0.932
1.97E-04,3.11E-04,101.858,0.013,0.922
2.37E-04,3.17E-04,87.822,0.0101,1.165
2.40E-04,3.23E-04,88.177,0.0101,1.155
1.89E-04,2.38E-04,95.092,0.013,1.237
1.91E-04,2.43E-04,95.73,0.013,1.225
2.44E-04,3.87E-04,90.487,0.0101,0.913
2.46E-04,3.93E-04,91.618,0.0101,0.905
1.95E-04,3.06E-04,100.209,0.013,0.932
1.97E-04,3.11E-04,101.93,0.013,0.922
2.38E-04,3.17E-04,87.821,0.0101,1.165
2.40E-04,3.23E-04,88.176,0.0101,1.154
1.89E-04,2.39E-04,95.093,0.013,1.237
1.91E-04,2.44E-04,95.732,0.013,1.224
2.44E-04,3.87E-04,90.554,0.0101,0.913
2.46E-04,3.93E-04,91.669,0.0101,0.905
1.95E-04,3.07E-04,100.274,0.013,0.931
1.97E-04,3.11E-04,102.002,0.013,0.921
2.38E-04,3.17E-04,87.82,0.0101,1.164
2.40E-04,3.23E-04,88.176,0.0101,1.154
1.89E-04,2.39E-04,95.094,0.013,1.236
1.91E-04,2.44E-04,95.734,0.013,1.224
2.44E-04,3.87E-04,90.598,0.0101,0.912
2.46E-04,3.93E-04,91.71,0.0101,0.904
1.95E-04,3.07E-04,100.34,0.013,0.931
1.97E-04,3.12E-04,102.074,0.013,0.92
2.38E-04,3.17E-04,87.819,0.0101,1.164
2.40E-04,3.24E-04,88.176,0.0101,1.153
1.89E-04,2.39E-04,95.095,0.013,1.236
1.91E-04,2.44E-04,95.735,0.013,1.223
2.44E-04,3.87E-04,90.643,0.0101,0.912
2.46E-04,3.93E-04,91.756,0.0101,0.904
1.96E-04,3.07E-04,100.406,0.013,0.93
1.97E-04,3.12E-04,102.146,0.013,0.919
2.38E-04,3.18E-04,87.817,0.0101,1.164
2.40E-04,3.24E-04,88.176,0.0101,1.153
1.89E-04,2.39E-04,95.097,0.013,1.235
1.91E-04,2.44E-04,95.737,0.013,1.222
2.44E-04,3.88E-04,90.688,0.0101,0.911
2.46E-04,3.94E-04,91.803,0.0101,0.903
1.96E-04,3.07E-04,100.473,0.013,0.929
1.97E-04,3.12E-04,102.219,0.013,0.919
2.38E-04,3.18E-04,87.816,0.0101,1.163
2.40E-04,3.24E-04,88.176,0.0101,1.153
1.89E-04,2.39E-04,95.098,0.013,1.235
1.91E-04,2.44E-04,95.739,0.013,1.222
2.44E-04,3.88E-04,90.733,0.0101,0.911
2.47E-04,3.94E-04,91.849,0.0101,0.902
1.96E-04,3.07E-04,100.539,0.013,0.929
1.97E-04,3.12E-04,102.292,0.013,0.918
2.38E-04,3.18E-04,87.812,0.0101,1.164
2.41E-04,3.24E-04,88.176,0.0101,1.152
1.89E-04,2.39E-04,95.1,0.013,1.234
1.91E-04,2.44E-04,95.741,0.013,1.221
2.44E-04,3.88E-04,90.778,0.0101,0.91
2.47E-04,3.94E-04,91.9,0.0101,0.903
1.96E-04,3.08E-04,100.169,0.013,0.929
1.97E-04,3.13E-04,102.365,0.013,0.917
2.38E-04,3.18E-04,87.814,0.0101,1.163
2.41E-04,3.24E-04,88.176,0.0101,1.152
1.89E-04,2.40E-04,95.101,0.013,1.234
1.91E-04,2.45E-04,95.743,0.013,1.221
2.44E-04,3.88E-04,90.824,0.0101,0.91
2.47E-04,3.94E-04,91.947,0.0101,0.902
1.96E-04,3.08E-04,100.674,0.013,0.927
1.98E-04,3.13E-04,102.439,0.013,0.917
2.38E-04,3.18E-04,87.813,0.0101,1.162
2.41E-04,3.24E-04,88.176,0.0101,1.152
1.89E-04,2.40E-04,95.103,0.013,1.233
1.91E-04,2.45E-04,95.745,0.013,1.22
2.44E-04,3.89E-04,90.869,0.0101,0.909
2.47E-04,3.94E-04,91.989,0.0101,0.901
1.96E-04,3.08E-04,100.742,0.013,0.927
1.98E-04,3.13E-04,102.512,0.013,0.916
2.38E-04,3.18E-04,87.812,0.0101,1.162
2.41E-04,3.25E-04,88.176,0.0101,1.151
1.89E-04,2.40E-04,95.104,0.013,1.233
1.91E-04,2.45E-04,95.747,0.013,1.22
2.44E-04,3.89E-04,90.889,0.0101,0.909
2.47E-04,3.95E-04,92.036,0.0101,0.9
1.96E-04,3.08E-04,100.809,0.013,0.926
1.98E-04,3.13E-04,102.586,0.013,0.915
2.38E-04,3.19E-04,87.812,0.0101,1.161
2.41E-04,3.25E-04,88.174,0.0101,1.152
1.89E-04,2.40E-04,95.106,0.013,1.232
1.91E-04,2.45E-04,95.749,0.013,1.219
2.44E-04,3.89E-04,90.961,0.0101,0.908
2.47E-04,3.95E-04,92.083,0.0101,0.9
1.96E-04,3.08E-04,100.878,0.013,0.925
1.98E-04,3.13E-04,102.66,0.013,0.915
2.38E-04,3.19E-04,87.811,0.0101,1.161
2.41E-04,3.25E-04,88.177,0.0101,1.15
1.89E-04,2.40E-04,95.108,0.013,1.232
1.91E-04,2.45E-04,95.751,0.013,1.219
2.44E-04,3.89E-04,91.008,0.0101,0.908
2.47E-04,3.95E-04,92.131,0.0101,0.899
1.96E-04,3.09E-04,100.946,0.013,0.925
1.98E-04,3.14E-04,102.735,0.013,0.914
2.38E-04,3.19E-04,87.81,0.0101,1.161
2.41E-04,3.25E-04,88.177,0.0101,1.15
1.89E-04,2.40E-04,95.11,0.013,1.232
1.92E-04,2.45E-04,95.753,0.013,1.218
2.44E-04,3.89E-04,91.054,0.0101,0.907
2.47E-04,3.95E-04,92.178,0.0101,0.899
1.96E-04,3.09E-04,101.015,0.013,0.924
1.98E-04,3.14E-04,102.81,0.013,0.913
2.38E-04,3.19E-04,87.809,0.0101,1.16
2.41E-04,3.25E-04,88.178,0.0101,1.15
1.89E-04,2.40E-04,95.112,0.013,1.231
1.92E-04,2.46E-04,95.756,0.013,1.218
2.45E-04,3.90E-04,91.101,0.0101,0.907
2.47E-04,3.96E-04,92.225,0.0101,0.898
1.96E-04,3.09E-04,101.084,0.013,0.923
1.98E-04,3.14E-04,102.885,0.013,0.913
2.38E-04,3.19E-04,87.809,0.0101,1.16
2.41E-04,3.25E-04,88.178,0.0101,1.149
1.90E-04,2.41E-04,95.114,0.013,1.231
1.92E-04,2.46E-04,95.758,0.013,1.217
2.45E-04,3.90E-04,91.148,0.0101,0.906
2.47E-04,3.96E-04,92.273,0.0101,0.898
1.96E-04,3.09E-04,101.154,0.013,0.923
1.98E-04,3.14E-04,102.96,0.013,0.912
2.38E-04,3.19E-04,87.808,0.0101,1.16
2.41E-04,3.26E-04,88.179,0.0101,1.149
1.90E-04,2.41E-04,95.116,0.013,1.23
1.92E-04,2.46E-04,95.761,0.013,1.217
2.45E-04,3.90E-04,91.24,0.0101,0.905
2.47E-04,3.96E-04,92.32,0.0101,0.897
1.96E-04,3.10E-04,101.223,0.013,0.922
1.98E-04,3.15E-04,103.035,0.013,0.911
2.38E-04,3.20E-04,87.807,0.0101,1.159
2.41E-04,3.26E-04,88.179,0.0101,1.149
1.90E-04,2.41E-04,95.118,0.013,1.23
1.92E-04,2.46E-04,95.763,0.013,1.216
2.45E-04,3.90E-04,91.265,0.0101,0.905
2.47E-04,3.96E-04,92.368,0.0101,0.897
1.96E-04,3.10E-04,101.299,0.013,0.922
1.98E-04,3.15E-04,103.111,0.013,0.911
2.38E-04,3.20E-04,87.807,0.0101,1.159
2.41E-04,3.26E-04,88.18,0.0101,1.148
1.90E-04,2.41E-04,95.12,0.013,1.229
1.92E-04,2.46E-04,95.766,0.013,1.216
2.45E-04,3.90E-04,91.261,0.0101,0.905
2.47E-04,3.97E-04,92.416,0.0101,0.896
1.96E-04,3.10E-04,101.364,0.013,0.921
1.98E-04,3.15E-04,103.187,0.013,0.91
2.38E-04,3.20E-04,87.806,0.0101,1.158
2.41E-04,3.26E-04,88.181,0.0101,1.148
1.90E-04,2.41E-04,95.122,0.013,1.229
1.92E-04,2.46E-04,95.768,0.013,1.215
